PEST24: PEST24 Value,PEST24: PEST24 Exceedance,PEST20: PEST20 Value,PEST20: PEST20 Exceedance,Base: Init6 Value,Base: Init6 Exceedance,Historical: Historical Data Value,Historical: Historical Data Exceedance
397.421,0.001,400.239,0.001,400.691,0.001,,
394.366,0.002,396.954,0.002,394.999,0.002,,
379.636,0.002,379.636,0.002,379.636,0.002,,
379.636,0.003,379.636,0.003,379.636,0.003,,
379.636,0.004,355.1,0.004,379.636,0.004,,
357.533,0.005,338.963,0.005,355.1,0.005,,
355.1,0.006,325.461,0.006,340.342,0.006,,
350.665,0.007,323.7,0.007,333.295,0.007,,
340.792,0.007,317.956,0.007,326.426,0.007,,
339.598,0.008,317.545,0.008,317.93,0.008,,
335.114,0.009,294.195,0.009,310.443,0.009,,
322.55,0.01,286.214,0.01,294.637,0.01,,
317.611,0.011,265.33,0.011,289.662,0.011,,
287.114,0.012,260.746,0.012,288.296,0.012,,
280.051,0.012,260.407,0.012,281.164,0.012,,
278.827,0.013,249.79,0.013,270.28,0.013,,
278.043,0.014,249.522,0.014,263.643,0.014,,
257.729,0.015,247.512,0.015,256.988,0.015,,
256.594,0.016,246.707,0.016,250.7,0.016,,
254.983,0.017,236.729,0.017,250.556,0.017,,
253.596,0.017,234.422,0.017,239.024,0.017,,
252.722,0.018,232.303,0.018,236.691,0.018,,
246.001,0.019,216.923,0.019,234.951,0.019,,
243.617,0.02,208.37,0.02,234.074,0.02,,
235.434,0.021,206.013,0.021,229.235,0.021,,
234.204,0.022,203.795,0.022,221.303,0.022,,
233.01,0.022,202.827,0.022,210.444,0.022,,
231.749,0.023,198.194,0.023,209.408,0.023,,
230.174,0.024,186.432,0.024,209.386,0.024,,
225.885,0.025,183.735,0.025,204.796,0.025,,
216.212,0.026,182.851,0.026,190.801,0.026,,
202.677,0.027,180.109,0.027,186.151,0.027,,
196.624,0.027,172.013,0.027,175.638,0.027,,
196.578,0.028,170.811,0.028,175.496,0.028,,
192.578,0.029,166.788,0.029,175.204,0.029,,
190.547,0.03,162.576,0.03,173.807,0.03,,
187.84,0.031,159.037,0.031,159.729,0.031,,
185.914,0.032,156.672,0.032,159.025,0.032,,
177.599,0.032,154.285,0.032,156.211,0.032,,
177.095,0.033,138.121,0.033,151.107,0.033,,
176.939,0.034,137.277,0.034,144.533,0.034,,
168.93,0.035,134.213,0.035,140.264,0.035,,
155.024,0.036,130.893,0.036,136.236,0.036,,
149.691,0.037,130.389,0.037,128.642,0.037,,
148.285,0.037,128.243,0.037,125.274,0.037,,
142.005,0.038,126.45,0.038,124.994,0.038,,
141.728,0.039,125.962,0.039,124.518,0.039,,
139.588,0.04,125.755,0.04,121.2,0.04,,
136.085,0.041,125.065,0.041,119.769,0.041,,
135.74,0.042,124.66,0.042,119.265,0.042,,
135.266,0.042,122.124,0.042,116.981,0.042,,
132.512,0.043,117.153,0.043,114.594,0.043,,
131.483,0.044,116.719,0.044,113.035,0.044,,
130.445,0.045,114.784,0.045,112.807,0.045,,
129.37,0.046,113.738,0.046,109.832,0.046,,
128.056,0.047,113.454,0.047,109.353,0.047,,
127.085,0.047,106.334,0.047,106.558,0.047,,
125.222,0.048,104.391,0.048,105.703,0.048,,
120.786,0.049,104.224,0.049,104.707,0.049,,
119.773,0.05,104.087,0.05,103.634,0.05,,
119.753,0.051,103.293,0.051,102.408,0.051,,
118.977,0.052,102.597,0.052,102.147,0.052,,
116.693,0.052,102.487,0.052,100.38,0.052,,
113.535,0.053,100.597,0.053,97.717,0.053,,
113.496,0.054,100.592,0.054,97.004,0.054,,
113.243,0.055,98.903,0.055,96.473,0.055,,
112.424,0.056,98.108,0.056,96.403,0.056,,
106.623,0.057,97.49,0.057,96.277,0.057,,
106.399,0.057,96.428,0.057,96.115,0.057,,
105.754,0.058,96.358,0.058,94.132,0.058,,
105.688,0.059,95.623,0.059,90.049,0.059,,
104.095,0.06,90.901,0.06,89.972,0.06,,
103.954,0.061,89.89,0.061,89.487,0.061,,
102.504,0.062,87.305,0.062,87.04,0.062,,
98.757,0.062,87.239,0.062,86.945,0.062,,
98.703,0.063,86.351,0.063,86.727,0.063,,
97.862,0.064,84.856,0.064,85.944,0.064,,
97.608,0.065,84.806,0.065,84.147,0.065,,
96.034,0.066,84.458,0.066,82.261,0.066,,
91.851,0.067,83.651,0.067,80.334,0.067,,
91.787,0.067,83.235,0.067,80.292,0.067,,
91.623,0.068,80.496,0.068,78.602,0.068,,
91.208,0.069,79.959,0.069,78.352,0.069,,
90.668,0.07,78.902,0.07,77.916,0.07,,
86.493,0.071,77.026,0.071,77.64,0.071,,
84.193,0.072,75.805,0.072,76.529,0.072,,
83.973,0.072,74.456,0.072,76.012,0.072,,
83.855,0.073,73.797,0.073,75.993,0.073,,
83.41,0.074,73.714,0.074,75.588,0.074,,
83.367,0.075,73.529,0.075,74.12,0.075,,
80.237,0.076,72.954,0.076,73.482,0.076,,
80.097,0.077,71.289,0.077,73.293,0.077,,
79.7,0.077,71.063,0.077,73.019,0.077,,
79.302,0.078,68.995,0.078,72.609,0.078,,
77.206,0.079,68.944,0.079,72.068,0.079,,
76.133,0.08,68.803,0.08,71.847,0.08,,
75.366,0.081,67.221,0.081,70.634,0.081,,
74.736,0.082,65.944,0.082,70.129,0.082,,
73.535,0.082,64.669,0.082,69.834,0.082,,
71.703,0.083,64.57,0.083,69.594,0.083,,
70.278,0.084,64.502,0.084,69.566,0.084,,
68.803,0.085,64.502,0.085,68.931,0.085,,
67.936,0.086,64.502,0.086,68.803,0.086,,
66.678,0.087,64.126,0.087,67.15,0.087,,
66.3,0.087,63.308,0.087,66.605,0.087,,
66.291,0.088,63.035,0.088,66.231,0.088,,
65.384,0.089,62.4,0.089,66.211,0.089,,
65.348,0.09,62.068,0.09,65.984,0.09,,
65.22,0.091,61.848,0.091,65.916,0.091,,
64.502,0.092,61.192,0.092,64.502,0.092,,
64.502,0.092,59.937,0.092,64.502,0.092,,
64.502,0.093,59.916,0.093,64.502,0.093,,
64.502,0.094,59.665,0.094,64.502,0.094,,
64.315,0.095,58.521,0.095,64.367,0.095,,
63.757,0.096,58.335,0.096,64.273,0.096,,
63.217,0.097,58.179,0.097,63.84,0.097,,
62.246,0.097,58.165,0.097,62.152,0.097,,
59.314,0.098,56.839,0.098,61.804,0.098,,
59.304,0.099,53.762,0.099,61.355,0.099,,
59.296,0.1,53.065,0.1,61.26,0.1,,
58.993,0.101,52.644,0.101,59.134,0.101,,
58.699,0.102,51.982,0.102,58.862,0.102,,
58.108,0.102,50.619,0.102,58.851,0.102,,
56.527,0.103,48.776,0.103,57.565,0.103,,
56.358,0.104,46.297,0.104,57.555,0.104,,
54.325,0.105,46.062,0.105,55.72,0.105,,
54.3,0.106,45.781,0.106,55.122,0.106,,
54.194,0.107,45.3,0.107,54.825,0.107,,
53.307,0.107,44.969,0.107,53.635,0.107,,
53.199,0.108,44.945,0.108,52.96,0.108,,
53.158,0.109,43.3,0.109,52.653,0.109,,
53.121,0.11,42.826,0.11,52.503,0.11,,
53.067,0.111,42.29,0.111,51.881,0.111,,
52.821,0.112,42.023,0.112,50.89,0.112,,
52.326,0.112,41.064,0.112,50.418,0.112,,
51.674,0.113,40.546,0.113,50.225,0.113,,
50.539,0.114,40.37,0.114,49.4,0.114,,
49.47,0.115,40.368,0.115,48.888,0.115,,
49.416,0.116,40.345,0.116,48.85,0.116,,
49.216,0.117,39.848,0.117,48.636,0.117,,
47.677,0.117,39.499,0.117,47.955,0.117,,
45.827,0.118,39.341,0.118,46.798,0.118,,
45.744,0.119,38.976,0.119,46.372,0.119,,
45.712,0.12,38.921,0.12,46.361,0.12,,
45.677,0.121,38.738,0.121,46.331,0.121,,
45.049,0.122,37.908,0.122,45.423,0.122,,
44.634,0.122,36.811,0.122,44.914,0.122,,
42.849,0.123,36.213,0.123,44.284,0.123,,
42.747,0.124,35.984,0.124,43.824,0.124,,
42.178,0.125,35.585,0.125,41.786,0.125,,
41.73,0.126,34.979,0.126,41.704,0.126,,
41.092,0.127,34.636,0.127,41.463,0.127,,
39.75,0.127,34.454,0.127,40.592,0.127,,
39.368,0.128,34.187,0.128,40.06,0.128,,
38.939,0.129,34.138,0.129,39.491,0.129,,
38.612,0.13,34.044,0.13,37.825,0.13,,
37.763,0.131,33.001,0.131,37.699,0.131,,
37.284,0.132,32.681,0.132,37.558,0.132,,
37.241,0.132,32.345,0.132,36.528,0.132,,
36.413,0.133,31.987,0.133,36.207,0.133,,
36.24,0.134,31.906,0.134,36.145,0.134,,
36.118,0.135,31.841,0.135,36.005,0.135,,
36.091,0.136,31.106,0.136,35.138,0.136,,
35.954,0.137,31.039,0.137,35.097,0.137,,
35.014,0.137,30.903,0.137,34.628,0.137,,
34.078,0.138,30.416,0.138,34.158,0.138,,
34.022,0.139,30.395,0.139,34.114,0.139,,
33.417,0.14,30.104,0.14,33.367,0.14,,
33.415,0.141,29.112,0.141,32.617,0.141,,
32.713,0.142,28.906,0.142,32.46,0.142,,
32.649,0.142,28.804,0.142,32.11,0.142,,
32.282,0.143,28.261,0.143,31.157,0.143,,
32.272,0.144,26.414,0.144,31.11,0.144,,
31.603,0.145,24.424,0.145,30.992,0.145,,
31.525,0.146,24.302,0.146,30.856,0.146,,
31.016,0.147,24.263,0.147,30.3,0.147,,
30.931,0.147,24.088,0.147,30.072,0.147,,
29.898,0.148,23.919,0.148,29.463,0.148,,
29.731,0.149,23.378,0.149,28.365,0.149,,
29.268,0.15,22.805,0.15,28.134,0.15,,
28.87,0.151,22.697,0.151,27.69,0.151,,
28.78,0.152,22.64,0.152,27.174,0.152,,
27.909,0.152,22.497,0.152,26.727,0.152,,
27.813,0.153,22.227,0.153,26.235,0.153,,
27.523,0.154,21.379,0.154,26.112,0.154,,
27.514,0.155,21.087,0.155,25.035,0.155,,
27.472,0.156,20.613,0.156,24.919,0.156,,
26.98,0.157,19.998,0.157,23.604,0.157,,
26.973,0.157,19.714,0.157,23.06,0.157,,
26.969,0.158,19.534,0.158,23.055,0.158,,
25.941,0.159,19.241,0.159,22.817,0.159,,
25.71,0.16,18.873,0.16,22.278,0.16,,
25.514,0.161,18.524,0.161,21.65,0.161,,
25.402,0.162,17.87,0.162,20.93,0.162,,
24.648,0.162,17.837,0.162,20.909,0.162,,
23.188,0.163,17.724,0.163,20.879,0.163,,
23.1,0.164,17.724,0.164,19.624,0.164,,
22.894,0.165,17.462,0.165,19.527,0.165,,
22.727,0.166,17.141,0.166,19.37,0.166,,
22.534,0.167,16.995,0.167,19.229,0.167,,
22.158,0.167,16.805,0.167,18.647,0.167,,
21.991,0.168,16.477,0.168,17.307,0.168,,
21.846,0.169,16.202,0.169,17.213,0.169,,
21.766,0.17,15.974,0.17,16.998,0.17,,
21.675,0.171,15.8,0.171,16.404,0.171,,
21.571,0.172,15.444,0.172,16.344,0.172,,
21.119,0.172,14.542,0.172,16.333,0.172,,
21.041,0.173,14.493,0.173,16.05,0.173,,
20.801,0.174,14.274,0.174,16.039,0.174,,
19.998,0.175,13.878,0.175,15.398,0.175,,
19.572,0.176,13.619,0.176,15.207,0.176,,
18.633,0.177,13.303,0.177,14.526,0.177,,
17.778,0.177,12.549,0.177,13.139,0.177,,
17.607,0.178,12.511,0.178,12.959,0.178,,
17.25,0.179,12.04,0.179,12.956,0.179,,
16.61,0.18,11.749,0.18,12.824,0.18,,
14.172,0.181,11.716,0.181,11.72,0.181,,
13.61,0.182,11.303,0.182,11.681,0.182,,
13.072,0.182,11.018,0.182,11.34,0.182,,
12.892,0.183,10.993,0.183,10.257,0.183,,
12.87,0.184,10.571,0.184,9.383,0.184,,
12.709,0.185,10.267,0.185,9.375,0.185,,
12.644,0.186,10.144,0.186,9.201,0.186,,
12.344,0.187,9.932,0.187,9.082,0.187,,
11.819,0.187,9.614,0.187,8.794,0.187,,
11.794,0.188,8.841,0.188,8.778,0.188,,
11.311,0.189,8.722,0.189,8.759,0.189,,
10.637,0.19,8.104,0.19,8.076,0.19,,
10.562,0.191,8.035,0.191,7.831,0.191,,
10.462,0.192,7.987,0.192,7.655,0.192,,
9.853,0.192,7.358,0.192,7.487,0.192,,
9.851,0.193,7.272,0.193,7.347,0.193,,
9.77,0.194,6.425,0.194,7.344,0.194,,
9.077,0.195,5.549,0.195,6.658,0.195,,
9.076,0.196,5.218,0.196,6.642,0.196,,
8.175,0.197,5.133,0.197,6.533,0.197,,
7.321,0.197,4.882,0.197,6.467,0.197,,
6.825,0.198,4.317,0.198,6.384,0.198,,
6.586,0.199,4.179,0.199,5.48,0.199,,
6.03,0.2,3.087,0.2,5.259,0.2,,
5.784,0.201,2.997,0.201,5.154,0.201,,
5.237,0.201,2.849,0.201,5.12,0.201,,
5.174,0.202,2.689,0.202,4.641,0.202,,
4.811,0.203,2.6,0.203,4.037,0.203,,
4.455,0.204,2.413,0.204,3.668,0.204,,
4.272,0.205,1.793,0.205,3.569,0.205,,
4.118,0.206,1.728,0.206,3.422,0.206,,
3.936,0.206,1.474,0.206,3.198,0.206,,
3.701,0.207,1.122,0.207,3.155,0.207,,
3.595,0.208,0.692,0.208,3.036,0.208,,
3.523,0.209,0.442,0.209,2.884,0.209,,
3.255,0.21,0.212,0.21,2.361,0.21,,
2.884,0.211,0.068,0.211,2.302,0.211,,
2.842,0.211,0.0,0.211,1.711,0.211,,
2.757,0.212,0.0,0.212,1.703,0.212,,
2.168,0.213,0.0,0.213,1.556,0.213,,
1.851,0.214,0.0,0.214,1.158,0.214,,
1.688,0.215,0.0,0.215,0.82,0.215,,
1.1,0.216,0.0,0.216,0.769,0.216,,
0.543,0.216,0.0,0.216,0.647,0.216,,
0.364,0.217,0.0,0.217,0.593,0.217,,
0.227,0.218,0.0,0.218,0.337,0.218,,
0.0,0.219,0.0,0.219,0.29,0.219,,
0.0,0.22,0.0,0.22,0.253,0.22,,
0.0,0.221,0.0,0.221,0.147,0.221,,
0.0,0.221,0.0,0.221,0.141,0.221,,
0.0,0.222,0.0,0.222,0.0,0.222,,
0.0,0.223,0.0,0.223,0.0,0.223,,
0.0,0.224,0.0,0.224,0.0,0.224,,
0.0,0.225,0.0,0.225,0.0,0.225,,
0.0,0.226,0.0,0.226,0.0,0.226,,
0.0,0.226,0.0,0.226,0.0,0.226,,
0.0,0.227,0.0,0.227,0.0,0.227,,
0.0,0.228,0.0,0.228,0.0,0.228,,
0.0,0.229,0.0,0.229,0.0,0.229,,
0.0,0.23,0.0,0.23,0.0,0.23,,
0.0,0.231,0.0,0.231,0.0,0.231,,
0.0,0.231,0.0,0.231,0.0,0.231,,
0.0,0.232,0.0,0.232,0.0,0.232,,
0.0,0.233,0.0,0.233,0.0,0.233,,
0.0,0.234,0.0,0.234,0.0,0.234,,
0.0,0.235,0.0,0.235,0.0,0.235,,
0.0,0.236,0.0,0.236,0.0,0.236,,
0.0,0.236,0.0,0.236,0.0,0.236,,
0.0,0.237,0.0,0.237,0.0,0.237,,
0.0,0.238,0.0,0.238,0.0,0.238,,
0.0,0.239,0.0,0.239,0.0,0.239,,
0.0,0.24,0.0,0.24,0.0,0.24,,
0.0,0.241,0.0,0.241,0.0,0.241,,
0.0,0.241,0.0,0.241,0.0,0.241,,
0.0,0.242,0.0,0.242,0.0,0.242,,
0.0,0.243,0.0,0.243,0.0,0.243,,
0.0,0.244,0.0,0.244,0.0,0.244,,
0.0,0.245,0.0,0.245,0.0,0.245,,
0.0,0.246,0.0,0.246,0.0,0.246,,
0.0,0.246,0.0,0.246,0.0,0.246,,
0.0,0.247,0.0,0.247,0.0,0.247,,
0.0,0.248,0.0,0.248,0.0,0.248,,
0.0,0.249,0.0,0.249,0.0,0.249,,
0.0,0.25,0.0,0.25,0.0,0.25,,
0.0,0.251,0.0,0.251,0.0,0.251,,
0.0,0.251,0.0,0.251,0.0,0.251,,
0.0,0.252,0.0,0.252,0.0,0.252,,
0.0,0.253,0.0,0.253,0.0,0.253,,
0.0,0.254,0.0,0.254,0.0,0.254,,
0.0,0.255,0.0,0.255,0.0,0.255,,
0.0,0.256,0.0,0.256,0.0,0.256,,
0.0,0.256,0.0,0.256,0.0,0.256,,
0.0,0.257,0.0,0.257,0.0,0.257,,
0.0,0.258,0.0,0.258,0.0,0.258,,
0.0,0.259,0.0,0.259,0.0,0.259,,
0.0,0.26,0.0,0.26,0.0,0.26,,
0.0,0.261,0.0,0.261,0.0,0.261,,
0.0,0.261,0.0,0.261,0.0,0.261,,
0.0,0.262,0.0,0.262,0.0,0.262,,
0.0,0.263,0.0,0.263,0.0,0.263,,
0.0,0.264,0.0,0.264,0.0,0.264,,
0.0,0.265,0.0,0.265,0.0,0.265,,
0.0,0.266,0.0,0.266,0.0,0.266,,
0.0,0.266,0.0,0.266,0.0,0.266,,
0.0,0.267,0.0,0.267,0.0,0.267,,
0.0,0.268,0.0,0.268,0.0,0.268,,
0.0,0.269,0.0,0.269,0.0,0.269,,
0.0,0.27,0.0,0.27,0.0,0.27,,
0.0,0.271,0.0,0.271,0.0,0.271,,
0.0,0.271,0.0,0.271,0.0,0.271,,
0.0,0.272,0.0,0.272,0.0,0.272,,
0.0,0.273,0.0,0.273,0.0,0.273,,
0.0,0.274,0.0,0.274,0.0,0.274,,
0.0,0.275,0.0,0.275,0.0,0.275,,
0.0,0.276,0.0,0.276,0.0,0.276,,
0.0,0.276,0.0,0.276,0.0,0.276,,
0.0,0.277,0.0,0.277,0.0,0.277,,
0.0,0.278,0.0,0.278,0.0,0.278,,
0.0,0.279,0.0,0.279,0.0,0.279,,
0.0,0.28,0.0,0.28,0.0,0.28,,
0.0,0.281,0.0,0.281,0.0,0.281,,
0.0,0.281,0.0,0.281,0.0,0.281,,
0.0,0.282,0.0,0.282,0.0,0.282,,
0.0,0.283,0.0,0.283,0.0,0.283,,
0.0,0.284,0.0,0.284,0.0,0.284,,
0.0,0.285,0.0,0.285,0.0,0.285,,
0.0,0.286,0.0,0.286,0.0,0.286,,
0.0,0.286,0.0,0.286,0.0,0.286,,
0.0,0.287,0.0,0.287,0.0,0.287,,
0.0,0.288,0.0,0.288,0.0,0.288,,
0.0,0.289,0.0,0.289,0.0,0.289,,
0.0,0.29,0.0,0.29,0.0,0.29,,
0.0,0.291,0.0,0.291,0.0,0.291,,
0.0,0.291,0.0,0.291,0.0,0.291,,
0.0,0.292,0.0,0.292,0.0,0.292,,
0.0,0.293,0.0,0.293,0.0,0.293,,
0.0,0.294,0.0,0.294,0.0,0.294,,
0.0,0.295,0.0,0.295,0.0,0.295,,
0.0,0.296,0.0,0.296,0.0,0.296,,
0.0,0.296,0.0,0.296,0.0,0.296,,
0.0,0.297,0.0,0.297,0.0,0.297,,
0.0,0.298,0.0,0.298,0.0,0.298,,
0.0,0.299,0.0,0.299,0.0,0.299,,
0.0,0.3,0.0,0.3,0.0,0.3,,
0.0,0.301,0.0,0.301,0.0,0.301,,
0.0,0.301,0.0,0.301,0.0,0.301,,
0.0,0.302,0.0,0.302,0.0,0.302,,
0.0,0.303,0.0,0.303,0.0,0.303,,
0.0,0.304,0.0,0.304,0.0,0.304,,
0.0,0.305,0.0,0.305,0.0,0.305,,
0.0,0.306,0.0,0.306,0.0,0.306,,
0.0,0.306,0.0,0.306,0.0,0.306,,
0.0,0.307,0.0,0.307,0.0,0.307,,
0.0,0.308,0.0,0.308,0.0,0.308,,
0.0,0.309,0.0,0.309,0.0,0.309,,
0.0,0.31,0.0,0.31,0.0,0.31,,
0.0,0.311,0.0,0.311,0.0,0.311,,
0.0,0.311,0.0,0.311,0.0,0.311,,
0.0,0.312,0.0,0.312,0.0,0.312,,
0.0,0.313,0.0,0.313,0.0,0.313,,
0.0,0.314,0.0,0.314,0.0,0.314,,
0.0,0.315,0.0,0.315,0.0,0.315,,
0.0,0.316,0.0,0.316,0.0,0.316,,
0.0,0.316,0.0,0.316,0.0,0.316,,
0.0,0.317,0.0,0.317,0.0,0.317,,
0.0,0.318,0.0,0.318,0.0,0.318,,
0.0,0.319,0.0,0.319,0.0,0.319,,
0.0,0.32,0.0,0.32,0.0,0.32,,
0.0,0.321,0.0,0.321,0.0,0.321,,
0.0,0.321,0.0,0.321,0.0,0.321,,
0.0,0.322,0.0,0.322,0.0,0.322,,
0.0,0.323,0.0,0.323,0.0,0.323,,
0.0,0.324,0.0,0.324,0.0,0.324,,
0.0,0.325,0.0,0.325,0.0,0.325,,
0.0,0.326,0.0,0.326,0.0,0.326,,
0.0,0.326,0.0,0.326,0.0,0.326,,
0.0,0.327,0.0,0.327,0.0,0.327,,
0.0,0.328,0.0,0.328,0.0,0.328,,
0.0,0.329,0.0,0.329,0.0,0.329,,
0.0,0.33,0.0,0.33,0.0,0.33,,
0.0,0.331,0.0,0.331,0.0,0.331,,
0.0,0.331,0.0,0.331,0.0,0.331,,
0.0,0.332,0.0,0.332,0.0,0.332,,
0.0,0.333,0.0,0.333,0.0,0.333,,
0.0,0.334,0.0,0.334,0.0,0.334,,
0.0,0.335,0.0,0.335,0.0,0.335,,
0.0,0.336,0.0,0.336,0.0,0.336,,
0.0,0.336,0.0,0.336,0.0,0.336,,
0.0,0.337,0.0,0.337,0.0,0.337,,
0.0,0.338,0.0,0.338,0.0,0.338,,
0.0,0.339,0.0,0.339,0.0,0.339,,
0.0,0.34,0.0,0.34,0.0,0.34,,
0.0,0.341,0.0,0.341,0.0,0.341,,
0.0,0.341,0.0,0.341,0.0,0.341,,
0.0,0.342,0.0,0.342,0.0,0.342,,
0.0,0.343,0.0,0.343,0.0,0.343,,
0.0,0.344,0.0,0.344,0.0,0.344,,
0.0,0.345,0.0,0.345,0.0,0.345,,
0.0,0.346,0.0,0.346,0.0,0.346,,
0.0,0.346,0.0,0.346,0.0,0.346,,
0.0,0.347,0.0,0.347,0.0,0.347,,
0.0,0.348,0.0,0.348,0.0,0.348,,
0.0,0.349,0.0,0.349,0.0,0.349,,
0.0,0.35,0.0,0.35,0.0,0.35,,
0.0,0.351,0.0,0.351,0.0,0.351,,
0.0,0.351,0.0,0.351,0.0,0.351,,
0.0,0.352,0.0,0.352,0.0,0.352,,
0.0,0.353,0.0,0.353,0.0,0.353,,
0.0,0.354,0.0,0.354,0.0,0.354,,
0.0,0.355,0.0,0.355,0.0,0.355,,
0.0,0.356,0.0,0.356,0.0,0.356,,
0.0,0.356,0.0,0.356,0.0,0.356,,
0.0,0.357,0.0,0.357,0.0,0.357,,
0.0,0.358,0.0,0.358,0.0,0.358,,
0.0,0.359,0.0,0.359,0.0,0.359,,
0.0,0.36,0.0,0.36,0.0,0.36,,
0.0,0.361,0.0,0.361,0.0,0.361,,
0.0,0.361,0.0,0.361,0.0,0.361,,
0.0,0.362,0.0,0.362,0.0,0.362,,
0.0,0.363,0.0,0.363,0.0,0.363,,
0.0,0.364,0.0,0.364,0.0,0.364,,
0.0,0.365,0.0,0.365,0.0,0.365,,
0.0,0.366,0.0,0.366,0.0,0.366,,
0.0,0.366,0.0,0.366,0.0,0.366,,
0.0,0.367,0.0,0.367,0.0,0.367,,
0.0,0.368,0.0,0.368,0.0,0.368,,
0.0,0.369,0.0,0.369,0.0,0.369,,
0.0,0.37,0.0,0.37,0.0,0.37,,
0.0,0.371,0.0,0.371,0.0,0.371,,
0.0,0.371,0.0,0.371,0.0,0.371,,
0.0,0.372,0.0,0.372,0.0,0.372,,
0.0,0.373,0.0,0.373,0.0,0.373,,
0.0,0.374,0.0,0.374,0.0,0.374,,
0.0,0.375,0.0,0.375,0.0,0.375,,
0.0,0.376,0.0,0.376,0.0,0.376,,
0.0,0.376,0.0,0.376,0.0,0.376,,
0.0,0.377,0.0,0.377,0.0,0.377,,
0.0,0.378,0.0,0.378,0.0,0.378,,
0.0,0.379,0.0,0.379,0.0,0.379,,
0.0,0.38,0.0,0.38,0.0,0.38,,
0.0,0.381,0.0,0.381,0.0,0.381,,
0.0,0.381,0.0,0.381,0.0,0.381,,
0.0,0.382,0.0,0.382,0.0,0.382,,
0.0,0.383,0.0,0.383,0.0,0.383,,
0.0,0.384,0.0,0.384,0.0,0.384,,
0.0,0.385,0.0,0.385,0.0,0.385,,
0.0,0.386,0.0,0.386,0.0,0.386,,
0.0,0.386,0.0,0.386,0.0,0.386,,
0.0,0.387,0.0,0.387,0.0,0.387,,
0.0,0.388,0.0,0.388,0.0,0.388,,
0.0,0.389,0.0,0.389,0.0,0.389,,
0.0,0.39,0.0,0.39,0.0,0.39,,
0.0,0.391,0.0,0.391,0.0,0.391,,
0.0,0.391,0.0,0.391,0.0,0.391,,
0.0,0.392,0.0,0.392,0.0,0.392,,
0.0,0.393,0.0,0.393,0.0,0.393,,
0.0,0.394,0.0,0.394,0.0,0.394,,
0.0,0.395,0.0,0.395,0.0,0.395,,
0.0,0.396,0.0,0.396,0.0,0.396,,
0.0,0.396,0.0,0.396,0.0,0.396,,
0.0,0.397,0.0,0.397,0.0,0.397,,
0.0,0.398,0.0,0.398,0.0,0.398,,
0.0,0.399,0.0,0.399,0.0,0.399,,
0.0,0.4,0.0,0.4,0.0,0.4,,
0.0,0.4,0.0,0.4,0.0,0.4,,
0.0,0.401,0.0,0.401,0.0,0.401,,
0.0,0.402,0.0,0.402,0.0,0.402,,
0.0,0.403,0.0,0.403,0.0,0.403,,
0.0,0.404,0.0,0.404,0.0,0.404,,
0.0,0.405,0.0,0.405,0.0,0.405,,
0.0,0.405,0.0,0.405,0.0,0.405,,
0.0,0.406,0.0,0.406,0.0,0.406,,
0.0,0.407,0.0,0.407,0.0,0.407,,
0.0,0.408,0.0,0.408,0.0,0.408,,
0.0,0.409,0.0,0.409,0.0,0.409,,
0.0,0.41,0.0,0.41,0.0,0.41,,
0.0,0.41,0.0,0.41,0.0,0.41,,
0.0,0.411,0.0,0.411,0.0,0.411,,
0.0,0.412,0.0,0.412,0.0,0.412,,
0.0,0.413,0.0,0.413,0.0,0.413,,
0.0,0.414,0.0,0.414,0.0,0.414,,
0.0,0.415,0.0,0.415,0.0,0.415,,
0.0,0.415,0.0,0.415,0.0,0.415,,
0.0,0.416,0.0,0.416,0.0,0.416,,
0.0,0.417,0.0,0.417,0.0,0.417,,
0.0,0.418,0.0,0.418,0.0,0.418,,
0.0,0.419,0.0,0.419,0.0,0.419,,
0.0,0.42,0.0,0.42,0.0,0.42,,
0.0,0.42,0.0,0.42,0.0,0.42,,
0.0,0.421,0.0,0.421,0.0,0.421,,
0.0,0.422,0.0,0.422,0.0,0.422,,
0.0,0.423,0.0,0.423,0.0,0.423,,
0.0,0.424,0.0,0.424,0.0,0.424,,
0.0,0.425,0.0,0.425,0.0,0.425,,
0.0,0.425,0.0,0.425,0.0,0.425,,
0.0,0.426,0.0,0.426,0.0,0.426,,
0.0,0.427,0.0,0.427,0.0,0.427,,
0.0,0.428,0.0,0.428,0.0,0.428,,
0.0,0.429,0.0,0.429,0.0,0.429,,
0.0,0.43,0.0,0.43,0.0,0.43,,
0.0,0.43,0.0,0.43,0.0,0.43,,
0.0,0.431,0.0,0.431,0.0,0.431,,
0.0,0.432,0.0,0.432,0.0,0.432,,
0.0,0.433,0.0,0.433,0.0,0.433,,
0.0,0.434,0.0,0.434,0.0,0.434,,
0.0,0.435,0.0,0.435,0.0,0.435,,
0.0,0.435,0.0,0.435,0.0,0.435,,
0.0,0.436,0.0,0.436,0.0,0.436,,
0.0,0.437,0.0,0.437,0.0,0.437,,
0.0,0.438,0.0,0.438,0.0,0.438,,
0.0,0.439,0.0,0.439,0.0,0.439,,
0.0,0.44,0.0,0.44,0.0,0.44,,
0.0,0.44,0.0,0.44,0.0,0.44,,
0.0,0.441,0.0,0.441,0.0,0.441,,
0.0,0.442,0.0,0.442,0.0,0.442,,
0.0,0.443,0.0,0.443,0.0,0.443,,
0.0,0.444,0.0,0.444,0.0,0.444,,
0.0,0.445,0.0,0.445,0.0,0.445,,
0.0,0.445,0.0,0.445,0.0,0.445,,
0.0,0.446,0.0,0.446,0.0,0.446,,
0.0,0.447,0.0,0.447,0.0,0.447,,
0.0,0.448,0.0,0.448,0.0,0.448,,
0.0,0.449,0.0,0.449,0.0,0.449,,
0.0,0.45,0.0,0.45,0.0,0.45,,
0.0,0.45,0.0,0.45,0.0,0.45,,
0.0,0.451,0.0,0.451,0.0,0.451,,
0.0,0.452,0.0,0.452,0.0,0.452,,
0.0,0.453,0.0,0.453,0.0,0.453,,
0.0,0.454,0.0,0.454,0.0,0.454,,
0.0,0.455,0.0,0.455,0.0,0.455,,
0.0,0.455,0.0,0.455,0.0,0.455,,
0.0,0.456,0.0,0.456,0.0,0.456,,
0.0,0.457,0.0,0.457,0.0,0.457,,
0.0,0.458,0.0,0.458,0.0,0.458,,
0.0,0.459,0.0,0.459,0.0,0.459,,
0.0,0.46,0.0,0.46,0.0,0.46,,
0.0,0.46,0.0,0.46,0.0,0.46,,
0.0,0.461,0.0,0.461,0.0,0.461,,
0.0,0.462,0.0,0.462,0.0,0.462,,
0.0,0.463,0.0,0.463,0.0,0.463,,
0.0,0.464,0.0,0.464,0.0,0.464,,
0.0,0.465,0.0,0.465,0.0,0.465,,
0.0,0.465,0.0,0.465,0.0,0.465,,
0.0,0.466,0.0,0.466,0.0,0.466,,
0.0,0.467,0.0,0.467,0.0,0.467,,
0.0,0.468,0.0,0.468,0.0,0.468,,
0.0,0.469,0.0,0.469,0.0,0.469,,
0.0,0.47,0.0,0.47,0.0,0.47,,
0.0,0.47,0.0,0.47,0.0,0.47,,
0.0,0.471,0.0,0.471,0.0,0.471,,
0.0,0.472,0.0,0.472,0.0,0.472,,
0.0,0.473,0.0,0.473,0.0,0.473,,
0.0,0.474,0.0,0.474,0.0,0.474,,
0.0,0.475,0.0,0.475,0.0,0.475,,
0.0,0.475,0.0,0.475,0.0,0.475,,
0.0,0.476,0.0,0.476,0.0,0.476,,
0.0,0.477,0.0,0.477,0.0,0.477,,
0.0,0.478,0.0,0.478,0.0,0.478,,
0.0,0.479,0.0,0.479,0.0,0.479,,
0.0,0.48,0.0,0.48,0.0,0.48,,
0.0,0.48,0.0,0.48,0.0,0.48,,
0.0,0.481,0.0,0.481,0.0,0.481,,
0.0,0.482,0.0,0.482,0.0,0.482,,
0.0,0.483,0.0,0.483,0.0,0.483,,
0.0,0.484,0.0,0.484,0.0,0.484,,
0.0,0.485,0.0,0.485,0.0,0.485,,
0.0,0.485,0.0,0.485,0.0,0.485,,
0.0,0.486,0.0,0.486,0.0,0.486,,
0.0,0.487,0.0,0.487,0.0,0.487,,
0.0,0.488,0.0,0.488,0.0,0.488,,
0.0,0.489,0.0,0.489,0.0,0.489,,
0.0,0.49,0.0,0.49,0.0,0.49,,
0.0,0.49,0.0,0.49,0.0,0.49,,
0.0,0.491,0.0,0.491,0.0,0.491,,
0.0,0.492,0.0,0.492,0.0,0.492,,
0.0,0.493,0.0,0.493,0.0,0.493,,
0.0,0.494,0.0,0.494,0.0,0.494,,
0.0,0.495,0.0,0.495,0.0,0.495,,
0.0,0.495,0.0,0.495,0.0,0.495,,
0.0,0.496,0.0,0.496,0.0,0.496,,
0.0,0.497,0.0,0.497,0.0,0.497,,
0.0,0.498,0.0,0.498,0.0,0.498,,
0.0,0.499,0.0,0.499,0.0,0.499,,
0.0,0.5,0.0,0.5,0.0,0.5,,
0.0,0.5,0.0,0.5,0.0,0.5,,
0.0,0.501,0.0,0.501,0.0,0.501,,
0.0,0.502,0.0,0.502,0.0,0.502,,
0.0,0.503,0.0,0.503,0.0,0.503,,
0.0,0.504,0.0,0.504,0.0,0.504,,
0.0,0.505,0.0,0.505,0.0,0.505,,
0.0,0.505,0.0,0.505,0.0,0.505,,
0.0,0.506,0.0,0.506,0.0,0.506,,
0.0,0.507,0.0,0.507,0.0,0.507,,
0.0,0.508,0.0,0.508,0.0,0.508,,
0.0,0.509,0.0,0.509,0.0,0.509,,
0.0,0.51,0.0,0.51,0.0,0.51,,
0.0,0.51,0.0,0.51,0.0,0.51,,
0.0,0.511,0.0,0.511,0.0,0.511,,
0.0,0.512,0.0,0.512,0.0,0.512,,
0.0,0.513,0.0,0.513,0.0,0.513,,
0.0,0.514,0.0,0.514,0.0,0.514,,
0.0,0.515,0.0,0.515,0.0,0.515,,
0.0,0.515,0.0,0.515,0.0,0.515,,
0.0,0.516,0.0,0.516,0.0,0.516,,
0.0,0.517,0.0,0.517,0.0,0.517,,
0.0,0.518,0.0,0.518,0.0,0.518,,
0.0,0.519,0.0,0.519,0.0,0.519,,
0.0,0.52,0.0,0.52,0.0,0.52,,
0.0,0.52,0.0,0.52,0.0,0.52,,
0.0,0.521,0.0,0.521,0.0,0.521,,
0.0,0.522,0.0,0.522,0.0,0.522,,
0.0,0.523,0.0,0.523,0.0,0.523,,
0.0,0.524,0.0,0.524,0.0,0.524,,
0.0,0.525,0.0,0.525,0.0,0.525,,
0.0,0.525,0.0,0.525,0.0,0.525,,
0.0,0.526,0.0,0.526,0.0,0.526,,
0.0,0.527,0.0,0.527,0.0,0.527,,
0.0,0.528,0.0,0.528,0.0,0.528,,
0.0,0.529,0.0,0.529,0.0,0.529,,
0.0,0.53,0.0,0.53,0.0,0.53,,
0.0,0.53,0.0,0.53,0.0,0.53,,
0.0,0.531,0.0,0.531,0.0,0.531,,
0.0,0.532,0.0,0.532,0.0,0.532,,
0.0,0.533,0.0,0.533,0.0,0.533,,
0.0,0.534,0.0,0.534,0.0,0.534,,
0.0,0.535,0.0,0.535,0.0,0.535,,
0.0,0.535,0.0,0.535,0.0,0.535,,
0.0,0.536,0.0,0.536,0.0,0.536,,
0.0,0.537,0.0,0.537,0.0,0.537,,
0.0,0.538,0.0,0.538,0.0,0.538,,
0.0,0.539,0.0,0.539,0.0,0.539,,
0.0,0.54,0.0,0.54,0.0,0.54,,
0.0,0.54,0.0,0.54,0.0,0.54,,
0.0,0.541,0.0,0.541,0.0,0.541,,
0.0,0.542,0.0,0.542,0.0,0.542,,
0.0,0.543,0.0,0.543,0.0,0.543,,
0.0,0.544,0.0,0.544,0.0,0.544,,
0.0,0.545,0.0,0.545,0.0,0.545,,
0.0,0.545,0.0,0.545,0.0,0.545,,
0.0,0.546,0.0,0.546,0.0,0.546,,
0.0,0.547,0.0,0.547,0.0,0.547,,
0.0,0.548,0.0,0.548,0.0,0.548,,
0.0,0.549,0.0,0.549,0.0,0.549,,
0.0,0.55,0.0,0.55,0.0,0.55,,
0.0,0.55,0.0,0.55,0.0,0.55,,
0.0,0.551,0.0,0.551,0.0,0.551,,
0.0,0.552,0.0,0.552,0.0,0.552,,
0.0,0.553,0.0,0.553,0.0,0.553,,
0.0,0.554,0.0,0.554,0.0,0.554,,
0.0,0.555,0.0,0.555,0.0,0.555,,
0.0,0.555,0.0,0.555,0.0,0.555,,
0.0,0.556,0.0,0.556,0.0,0.556,,
0.0,0.557,0.0,0.557,0.0,0.557,,
0.0,0.558,0.0,0.558,0.0,0.558,,
0.0,0.559,0.0,0.559,0.0,0.559,,
0.0,0.56,0.0,0.56,0.0,0.56,,
0.0,0.56,0.0,0.56,0.0,0.56,,
0.0,0.561,0.0,0.561,0.0,0.561,,
0.0,0.562,0.0,0.562,0.0,0.562,,
0.0,0.563,0.0,0.563,0.0,0.563,,
0.0,0.564,0.0,0.564,0.0,0.564,,
0.0,0.565,0.0,0.565,0.0,0.565,,
0.0,0.565,0.0,0.565,0.0,0.565,,
0.0,0.566,0.0,0.566,0.0,0.566,,
0.0,0.567,0.0,0.567,0.0,0.567,,
0.0,0.568,0.0,0.568,0.0,0.568,,
0.0,0.569,0.0,0.569,0.0,0.569,,
0.0,0.57,0.0,0.57,0.0,0.57,,
0.0,0.57,0.0,0.57,0.0,0.57,,
0.0,0.571,0.0,0.571,0.0,0.571,,
0.0,0.572,0.0,0.572,0.0,0.572,,
0.0,0.573,0.0,0.573,0.0,0.573,,
0.0,0.574,0.0,0.574,0.0,0.574,,
0.0,0.575,0.0,0.575,0.0,0.575,,
0.0,0.575,0.0,0.575,0.0,0.575,,
0.0,0.576,0.0,0.576,0.0,0.576,,
0.0,0.577,0.0,0.577,0.0,0.577,,
0.0,0.578,0.0,0.578,0.0,0.578,,
0.0,0.579,0.0,0.579,0.0,0.579,,
0.0,0.58,0.0,0.58,0.0,0.58,,
0.0,0.58,0.0,0.58,0.0,0.58,,
0.0,0.581,0.0,0.581,0.0,0.581,,
0.0,0.582,0.0,0.582,0.0,0.582,,
0.0,0.583,0.0,0.583,0.0,0.583,,
0.0,0.584,0.0,0.584,0.0,0.584,,
0.0,0.585,0.0,0.585,0.0,0.585,,
0.0,0.585,0.0,0.585,0.0,0.585,,
0.0,0.586,0.0,0.586,0.0,0.586,,
0.0,0.587,0.0,0.587,0.0,0.587,,
0.0,0.588,0.0,0.588,0.0,0.588,,
0.0,0.589,0.0,0.589,0.0,0.589,,
0.0,0.59,0.0,0.59,0.0,0.59,,
0.0,0.59,0.0,0.59,0.0,0.59,,
0.0,0.591,0.0,0.591,0.0,0.591,,
0.0,0.592,0.0,0.592,0.0,0.592,,
0.0,0.593,0.0,0.593,0.0,0.593,,
0.0,0.594,0.0,0.594,0.0,0.594,,
0.0,0.595,0.0,0.595,0.0,0.595,,
0.0,0.595,0.0,0.595,0.0,0.595,,
0.0,0.596,0.0,0.596,0.0,0.596,,
0.0,0.597,0.0,0.597,0.0,0.597,,
0.0,0.598,0.0,0.598,0.0,0.598,,
0.0,0.599,0.0,0.599,0.0,0.599,,
0.0,0.6,0.0,0.6,0.0,0.6,,
0.0,0.6,0.0,0.6,0.0,0.6,,
0.0,0.601,0.0,0.601,0.0,0.601,,
0.0,0.602,0.0,0.602,0.0,0.602,,
0.0,0.603,0.0,0.603,0.0,0.603,,
0.0,0.604,0.0,0.604,0.0,0.604,,
0.0,0.604,0.0,0.604,0.0,0.604,,
0.0,0.605,0.0,0.605,0.0,0.605,,
0.0,0.606,0.0,0.606,0.0,0.606,,
0.0,0.607,0.0,0.607,0.0,0.607,,
0.0,0.608,0.0,0.608,0.0,0.608,,
0.0,0.609,0.0,0.609,0.0,0.609,,
0.0,0.609,0.0,0.609,0.0,0.609,,
0.0,0.61,0.0,0.61,0.0,0.61,,
0.0,0.611,0.0,0.611,0.0,0.611,,
0.0,0.612,0.0,0.612,0.0,0.612,,
0.0,0.613,0.0,0.613,0.0,0.613,,
0.0,0.614,0.0,0.614,0.0,0.614,,
0.0,0.614,0.0,0.614,0.0,0.614,,
0.0,0.615,0.0,0.615,0.0,0.615,,
0.0,0.616,0.0,0.616,0.0,0.616,,
0.0,0.617,0.0,0.617,0.0,0.617,,
0.0,0.618,0.0,0.618,0.0,0.618,,
0.0,0.619,0.0,0.619,0.0,0.619,,
0.0,0.619,0.0,0.619,0.0,0.619,,
0.0,0.62,0.0,0.62,0.0,0.62,,
0.0,0.621,0.0,0.621,0.0,0.621,,
0.0,0.622,0.0,0.622,0.0,0.622,,
0.0,0.623,0.0,0.623,0.0,0.623,,
0.0,0.624,0.0,0.624,0.0,0.624,,
0.0,0.624,0.0,0.624,0.0,0.624,,
0.0,0.625,0.0,0.625,0.0,0.625,,
0.0,0.626,0.0,0.626,0.0,0.626,,
0.0,0.627,0.0,0.627,0.0,0.627,,
0.0,0.628,0.0,0.628,0.0,0.628,,
0.0,0.629,0.0,0.629,0.0,0.629,,
0.0,0.629,0.0,0.629,0.0,0.629,,
0.0,0.63,0.0,0.63,0.0,0.63,,
0.0,0.631,0.0,0.631,0.0,0.631,,
0.0,0.632,0.0,0.632,0.0,0.632,,
0.0,0.633,0.0,0.633,0.0,0.633,,
0.0,0.634,0.0,0.634,0.0,0.634,,
0.0,0.634,0.0,0.634,0.0,0.634,,
0.0,0.635,0.0,0.635,0.0,0.635,,
0.0,0.636,0.0,0.636,0.0,0.636,,
0.0,0.637,0.0,0.637,0.0,0.637,,
0.0,0.638,0.0,0.638,0.0,0.638,,
0.0,0.639,0.0,0.639,0.0,0.639,,
0.0,0.639,0.0,0.639,0.0,0.639,,
0.0,0.64,0.0,0.64,0.0,0.64,,
0.0,0.641,0.0,0.641,0.0,0.641,,
0.0,0.642,0.0,0.642,0.0,0.642,,
0.0,0.643,0.0,0.643,0.0,0.643,,
0.0,0.644,0.0,0.644,0.0,0.644,,
0.0,0.644,0.0,0.644,0.0,0.644,,
0.0,0.645,0.0,0.645,0.0,0.645,,
0.0,0.646,0.0,0.646,0.0,0.646,,
0.0,0.647,0.0,0.647,0.0,0.647,,
0.0,0.648,0.0,0.648,0.0,0.648,,
0.0,0.649,0.0,0.649,0.0,0.649,,
0.0,0.649,0.0,0.649,0.0,0.649,,
0.0,0.65,0.0,0.65,0.0,0.65,,
0.0,0.651,0.0,0.651,0.0,0.651,,
0.0,0.652,0.0,0.652,0.0,0.652,,
0.0,0.653,0.0,0.653,0.0,0.653,,
0.0,0.654,0.0,0.654,0.0,0.654,,
0.0,0.654,0.0,0.654,0.0,0.654,,
0.0,0.655,0.0,0.655,0.0,0.655,,
0.0,0.656,0.0,0.656,0.0,0.656,,
0.0,0.657,0.0,0.657,0.0,0.657,,
0.0,0.658,0.0,0.658,0.0,0.658,,
0.0,0.659,0.0,0.659,0.0,0.659,,
0.0,0.659,0.0,0.659,0.0,0.659,,
0.0,0.66,0.0,0.66,0.0,0.66,,
0.0,0.661,0.0,0.661,0.0,0.661,,
0.0,0.662,0.0,0.662,0.0,0.662,,
0.0,0.663,0.0,0.663,0.0,0.663,,
0.0,0.664,0.0,0.664,0.0,0.664,,
0.0,0.664,0.0,0.664,0.0,0.664,,
0.0,0.665,0.0,0.665,0.0,0.665,,
0.0,0.666,0.0,0.666,0.0,0.666,,
0.0,0.667,0.0,0.667,0.0,0.667,,
0.0,0.668,0.0,0.668,0.0,0.668,,
0.0,0.669,0.0,0.669,0.0,0.669,,
0.0,0.669,0.0,0.669,0.0,0.669,,
0.0,0.67,0.0,0.67,0.0,0.67,,
0.0,0.671,0.0,0.671,0.0,0.671,,
0.0,0.672,0.0,0.672,0.0,0.672,,
0.0,0.673,0.0,0.673,0.0,0.673,,
0.0,0.674,0.0,0.674,0.0,0.674,,
0.0,0.674,0.0,0.674,0.0,0.674,,
0.0,0.675,0.0,0.675,0.0,0.675,,
0.0,0.676,0.0,0.676,0.0,0.676,,
0.0,0.677,0.0,0.677,0.0,0.677,,
0.0,0.678,0.0,0.678,0.0,0.678,,
0.0,0.679,0.0,0.679,0.0,0.679,,
0.0,0.679,0.0,0.679,0.0,0.679,,
0.0,0.68,0.0,0.68,0.0,0.68,,
0.0,0.681,0.0,0.681,0.0,0.681,,
0.0,0.682,0.0,0.682,0.0,0.682,,
0.0,0.683,0.0,0.683,0.0,0.683,,
0.0,0.684,0.0,0.684,0.0,0.684,,
0.0,0.684,0.0,0.684,0.0,0.684,,
0.0,0.685,0.0,0.685,0.0,0.685,,
0.0,0.686,0.0,0.686,0.0,0.686,,
0.0,0.687,0.0,0.687,0.0,0.687,,
0.0,0.688,0.0,0.688,0.0,0.688,,
0.0,0.689,0.0,0.689,0.0,0.689,,
0.0,0.689,0.0,0.689,0.0,0.689,,
0.0,0.69,0.0,0.69,0.0,0.69,,
0.0,0.691,0.0,0.691,0.0,0.691,,
0.0,0.692,0.0,0.692,0.0,0.692,,
0.0,0.693,0.0,0.693,0.0,0.693,,
0.0,0.694,0.0,0.694,0.0,0.694,,
0.0,0.694,0.0,0.694,0.0,0.694,,
0.0,0.695,0.0,0.695,0.0,0.695,,
0.0,0.696,0.0,0.696,0.0,0.696,,
0.0,0.697,0.0,0.697,0.0,0.697,,
0.0,0.698,0.0,0.698,0.0,0.698,,
0.0,0.699,0.0,0.699,0.0,0.699,,
0.0,0.699,0.0,0.699,0.0,0.699,,
0.0,0.7,0.0,0.7,0.0,0.7,,
0.0,0.701,0.0,0.701,0.0,0.701,,
0.0,0.702,0.0,0.702,0.0,0.702,,
0.0,0.703,0.0,0.703,0.0,0.703,,
0.0,0.704,0.0,0.704,0.0,0.704,,
0.0,0.704,0.0,0.704,0.0,0.704,,
0.0,0.705,0.0,0.705,0.0,0.705,,
0.0,0.706,0.0,0.706,0.0,0.706,,
0.0,0.707,0.0,0.707,0.0,0.707,,
0.0,0.708,0.0,0.708,0.0,0.708,,
0.0,0.709,0.0,0.709,0.0,0.709,,
0.0,0.709,0.0,0.709,0.0,0.709,,
0.0,0.71,0.0,0.71,0.0,0.71,,
0.0,0.711,0.0,0.711,0.0,0.711,,
0.0,0.712,0.0,0.712,0.0,0.712,,
0.0,0.713,0.0,0.713,0.0,0.713,,
0.0,0.714,0.0,0.714,0.0,0.714,,
0.0,0.714,0.0,0.714,0.0,0.714,,
0.0,0.715,0.0,0.715,0.0,0.715,,
0.0,0.716,0.0,0.716,0.0,0.716,,
0.0,0.717,0.0,0.717,0.0,0.717,,
0.0,0.718,0.0,0.718,0.0,0.718,,
0.0,0.719,0.0,0.719,0.0,0.719,,
0.0,0.719,0.0,0.719,0.0,0.719,,
0.0,0.72,0.0,0.72,0.0,0.72,,
0.0,0.721,0.0,0.721,0.0,0.721,,
0.0,0.722,0.0,0.722,0.0,0.722,,
0.0,0.723,0.0,0.723,0.0,0.723,,
0.0,0.724,0.0,0.724,0.0,0.724,,
0.0,0.724,0.0,0.724,0.0,0.724,,
0.0,0.725,0.0,0.725,0.0,0.725,,
0.0,0.726,0.0,0.726,0.0,0.726,,
0.0,0.727,0.0,0.727,0.0,0.727,,
0.0,0.728,0.0,0.728,0.0,0.728,,
0.0,0.729,0.0,0.729,0.0,0.729,,
0.0,0.729,0.0,0.729,0.0,0.729,,
0.0,0.73,0.0,0.73,0.0,0.73,,
0.0,0.731,0.0,0.731,0.0,0.731,,
0.0,0.732,0.0,0.732,0.0,0.732,,
0.0,0.733,0.0,0.733,0.0,0.733,,
0.0,0.734,0.0,0.734,0.0,0.734,,
0.0,0.734,0.0,0.734,0.0,0.734,,
0.0,0.735,0.0,0.735,0.0,0.735,,
0.0,0.736,0.0,0.736,0.0,0.736,,
0.0,0.737,0.0,0.737,0.0,0.737,,
0.0,0.738,0.0,0.738,0.0,0.738,,
0.0,0.739,0.0,0.739,0.0,0.739,,
0.0,0.739,0.0,0.739,0.0,0.739,,
0.0,0.74,0.0,0.74,0.0,0.74,,
0.0,0.741,0.0,0.741,0.0,0.741,,
0.0,0.742,0.0,0.742,0.0,0.742,,
0.0,0.743,0.0,0.743,0.0,0.743,,
0.0,0.744,0.0,0.744,0.0,0.744,,
0.0,0.744,0.0,0.744,0.0,0.744,,
0.0,0.745,0.0,0.745,0.0,0.745,,
0.0,0.746,0.0,0.746,0.0,0.746,,
0.0,0.747,0.0,0.747,0.0,0.747,,
0.0,0.748,0.0,0.748,0.0,0.748,,
0.0,0.749,0.0,0.749,0.0,0.749,,
0.0,0.749,0.0,0.749,0.0,0.749,,
0.0,0.75,0.0,0.75,0.0,0.75,,
0.0,0.751,0.0,0.751,0.0,0.751,,
0.0,0.752,0.0,0.752,0.0,0.752,,
0.0,0.753,0.0,0.753,0.0,0.753,,
0.0,0.754,0.0,0.754,0.0,0.754,,
0.0,0.754,0.0,0.754,0.0,0.754,,
0.0,0.755,0.0,0.755,0.0,0.755,,
0.0,0.756,0.0,0.756,0.0,0.756,,
0.0,0.757,0.0,0.757,0.0,0.757,,
0.0,0.758,0.0,0.758,0.0,0.758,,
0.0,0.759,0.0,0.759,0.0,0.759,,
0.0,0.759,0.0,0.759,0.0,0.759,,
0.0,0.76,0.0,0.76,0.0,0.76,,
0.0,0.761,0.0,0.761,0.0,0.761,,
0.0,0.762,0.0,0.762,0.0,0.762,,
0.0,0.763,0.0,0.763,0.0,0.763,,
0.0,0.764,0.0,0.764,0.0,0.764,,
0.0,0.764,0.0,0.764,0.0,0.764,,
0.0,0.765,0.0,0.765,0.0,0.765,,
0.0,0.766,0.0,0.766,0.0,0.766,,
0.0,0.767,0.0,0.767,0.0,0.767,,
0.0,0.768,0.0,0.768,0.0,0.768,,
0.0,0.769,0.0,0.769,0.0,0.769,,
0.0,0.769,0.0,0.769,0.0,0.769,,
0.0,0.77,0.0,0.77,0.0,0.77,,
0.0,0.771,0.0,0.771,0.0,0.771,,
0.0,0.772,0.0,0.772,0.0,0.772,,
0.0,0.773,0.0,0.773,0.0,0.773,,
0.0,0.774,0.0,0.774,0.0,0.774,,
0.0,0.774,0.0,0.774,0.0,0.774,,
0.0,0.775,0.0,0.775,0.0,0.775,,
0.0,0.776,0.0,0.776,0.0,0.776,,
0.0,0.777,0.0,0.777,0.0,0.777,,
0.0,0.778,0.0,0.778,0.0,0.778,,
0.0,0.779,0.0,0.779,0.0,0.779,,
0.0,0.779,0.0,0.779,0.0,0.779,,
0.0,0.78,0.0,0.78,0.0,0.78,,
0.0,0.781,0.0,0.781,0.0,0.781,,
0.0,0.782,0.0,0.782,0.0,0.782,,
0.0,0.783,0.0,0.783,0.0,0.783,,
0.0,0.784,0.0,0.784,0.0,0.784,,
0.0,0.784,0.0,0.784,0.0,0.784,,
0.0,0.785,0.0,0.785,0.0,0.785,,
0.0,0.786,0.0,0.786,0.0,0.786,,
0.0,0.787,0.0,0.787,0.0,0.787,,
0.0,0.788,0.0,0.788,0.0,0.788,,
0.0,0.789,0.0,0.789,0.0,0.789,,
0.0,0.789,0.0,0.789,0.0,0.789,,
0.0,0.79,0.0,0.79,0.0,0.79,,
0.0,0.791,0.0,0.791,0.0,0.791,,
0.0,0.792,0.0,0.792,0.0,0.792,,
0.0,0.793,0.0,0.793,0.0,0.793,,
0.0,0.794,0.0,0.794,0.0,0.794,,
0.0,0.794,0.0,0.794,0.0,0.794,,
0.0,0.795,0.0,0.795,0.0,0.795,,
0.0,0.796,0.0,0.796,0.0,0.796,,
0.0,0.797,0.0,0.797,0.0,0.797,,
0.0,0.798,0.0,0.798,0.0,0.798,,
0.0,0.799,0.0,0.799,0.0,0.799,,
0.0,0.799,0.0,0.799,0.0,0.799,,
0.0,0.8,0.0,0.8,0.0,0.8,,
0.0,0.801,0.0,0.801,0.0,0.801,,
0.0,0.802,0.0,0.802,0.0,0.802,,
0.0,0.803,0.0,0.803,0.0,0.803,,
0.0,0.803,0.0,0.803,0.0,0.803,,
0.0,0.804,0.0,0.804,0.0,0.804,,
0.0,0.805,0.0,0.805,0.0,0.805,,
0.0,0.806,0.0,0.806,0.0,0.806,,
0.0,0.807,0.0,0.807,0.0,0.807,,
0.0,0.808,0.0,0.808,0.0,0.808,,
0.0,0.808,0.0,0.808,0.0,0.808,,
0.0,0.809,0.0,0.809,0.0,0.809,,
0.0,0.81,0.0,0.81,0.0,0.81,,
0.0,0.811,0.0,0.811,0.0,0.811,,
0.0,0.812,0.0,0.812,0.0,0.812,,
0.0,0.813,0.0,0.813,0.0,0.813,,
0.0,0.813,0.0,0.813,0.0,0.813,,
0.0,0.814,0.0,0.814,0.0,0.814,,
0.0,0.815,0.0,0.815,0.0,0.815,,
0.0,0.816,0.0,0.816,0.0,0.816,,
0.0,0.817,0.0,0.817,0.0,0.817,,
0.0,0.818,0.0,0.818,0.0,0.818,,
0.0,0.818,0.0,0.818,0.0,0.818,,
0.0,0.819,0.0,0.819,0.0,0.819,,
0.0,0.82,0.0,0.82,0.0,0.82,,
0.0,0.821,0.0,0.821,0.0,0.821,,
0.0,0.822,0.0,0.822,0.0,0.822,,
0.0,0.823,0.0,0.823,0.0,0.823,,
0.0,0.823,0.0,0.823,0.0,0.823,,
0.0,0.824,0.0,0.824,0.0,0.824,,
0.0,0.825,0.0,0.825,0.0,0.825,,
0.0,0.826,0.0,0.826,0.0,0.826,,
0.0,0.827,0.0,0.827,0.0,0.827,,
0.0,0.828,0.0,0.828,0.0,0.828,,
0.0,0.828,0.0,0.828,0.0,0.828,,
0.0,0.829,0.0,0.829,0.0,0.829,,
0.0,0.83,0.0,0.83,0.0,0.83,,
0.0,0.831,0.0,0.831,0.0,0.831,,
0.0,0.832,0.0,0.832,0.0,0.832,,
0.0,0.833,0.0,0.833,0.0,0.833,,
0.0,0.833,0.0,0.833,0.0,0.833,,
0.0,0.834,0.0,0.834,0.0,0.834,,
0.0,0.835,0.0,0.835,0.0,0.835,,
0.0,0.836,0.0,0.836,0.0,0.836,,
0.0,0.837,0.0,0.837,0.0,0.837,,
0.0,0.838,0.0,0.838,0.0,0.838,,
0.0,0.838,0.0,0.838,0.0,0.838,,
0.0,0.839,0.0,0.839,0.0,0.839,,
0.0,0.84,0.0,0.84,0.0,0.84,,
0.0,0.841,0.0,0.841,0.0,0.841,,
0.0,0.842,0.0,0.842,0.0,0.842,,
0.0,0.843,0.0,0.843,0.0,0.843,,
0.0,0.843,0.0,0.843,0.0,0.843,,
0.0,0.844,0.0,0.844,0.0,0.844,,
0.0,0.845,0.0,0.845,0.0,0.845,,
0.0,0.846,0.0,0.846,0.0,0.846,,
0.0,0.847,0.0,0.847,0.0,0.847,,
0.0,0.848,0.0,0.848,0.0,0.848,,
0.0,0.848,0.0,0.848,0.0,0.848,,
0.0,0.849,0.0,0.849,0.0,0.849,,
0.0,0.85,0.0,0.85,0.0,0.85,,
0.0,0.851,0.0,0.851,0.0,0.851,,
0.0,0.852,0.0,0.852,0.0,0.852,,
0.0,0.853,0.0,0.853,0.0,0.853,,
0.0,0.853,0.0,0.853,0.0,0.853,,
0.0,0.854,0.0,0.854,0.0,0.854,,
0.0,0.855,0.0,0.855,0.0,0.855,,
0.0,0.856,0.0,0.856,0.0,0.856,,
0.0,0.857,0.0,0.857,0.0,0.857,,
0.0,0.858,0.0,0.858,0.0,0.858,,
0.0,0.858,0.0,0.858,0.0,0.858,,
0.0,0.859,0.0,0.859,0.0,0.859,,
0.0,0.86,0.0,0.86,0.0,0.86,,
0.0,0.861,0.0,0.861,0.0,0.861,,
0.0,0.862,0.0,0.862,0.0,0.862,,
0.0,0.863,0.0,0.863,0.0,0.863,,
0.0,0.863,0.0,0.863,0.0,0.863,,
0.0,0.864,0.0,0.864,0.0,0.864,,
0.0,0.865,0.0,0.865,0.0,0.865,,
0.0,0.866,0.0,0.866,0.0,0.866,,
0.0,0.867,0.0,0.867,0.0,0.867,,
0.0,0.868,0.0,0.868,0.0,0.868,,
0.0,0.868,0.0,0.868,0.0,0.868,,
0.0,0.869,0.0,0.869,0.0,0.869,,
0.0,0.87,0.0,0.87,0.0,0.87,,
0.0,0.871,0.0,0.871,0.0,0.871,,
0.0,0.872,0.0,0.872,0.0,0.872,,
0.0,0.873,0.0,0.873,0.0,0.873,,
0.0,0.873,0.0,0.873,0.0,0.873,,
0.0,0.874,0.0,0.874,0.0,0.874,,
0.0,0.875,0.0,0.875,0.0,0.875,,
0.0,0.876,0.0,0.876,0.0,0.876,,
0.0,0.877,0.0,0.877,0.0,0.877,,
0.0,0.878,0.0,0.878,0.0,0.878,,
0.0,0.878,0.0,0.878,0.0,0.878,,
0.0,0.879,0.0,0.879,0.0,0.879,,
0.0,0.88,0.0,0.88,0.0,0.88,,
0.0,0.881,0.0,0.881,0.0,0.881,,
0.0,0.882,0.0,0.882,0.0,0.882,,
0.0,0.883,0.0,0.883,0.0,0.883,,
0.0,0.883,0.0,0.883,0.0,0.883,,
0.0,0.884,0.0,0.884,0.0,0.884,,
0.0,0.885,0.0,0.885,0.0,0.885,,
0.0,0.886,0.0,0.886,0.0,0.886,,
0.0,0.887,0.0,0.887,0.0,0.887,,
0.0,0.888,0.0,0.888,0.0,0.888,,
0.0,0.888,0.0,0.888,0.0,0.888,,
0.0,0.889,0.0,0.889,0.0,0.889,,
0.0,0.89,0.0,0.89,0.0,0.89,,
0.0,0.891,0.0,0.891,0.0,0.891,,
0.0,0.892,0.0,0.892,0.0,0.892,,
0.0,0.893,0.0,0.893,0.0,0.893,,
0.0,0.893,0.0,0.893,0.0,0.893,,
0.0,0.894,0.0,0.894,0.0,0.894,,
0.0,0.895,0.0,0.895,0.0,0.895,,
0.0,0.896,0.0,0.896,0.0,0.896,,
0.0,0.897,0.0,0.897,0.0,0.897,,
0.0,0.898,0.0,0.898,0.0,0.898,,
0.0,0.898,0.0,0.898,0.0,0.898,,
0.0,0.899,0.0,0.899,0.0,0.899,,
0.0,0.9,0.0,0.9,0.0,0.9,,
0.0,0.901,0.0,0.901,0.0,0.901,,
0.0,0.902,0.0,0.902,0.0,0.902,,
0.0,0.903,0.0,0.903,0.0,0.903,,
0.0,0.903,0.0,0.903,0.0,0.903,,
0.0,0.904,0.0,0.904,0.0,0.904,,
0.0,0.905,0.0,0.905,0.0,0.905,,
0.0,0.906,0.0,0.906,0.0,0.906,,
0.0,0.907,0.0,0.907,0.0,0.907,,
0.0,0.908,0.0,0.908,0.0,0.908,,
0.0,0.908,0.0,0.908,0.0,0.908,,
0.0,0.909,0.0,0.909,0.0,0.909,,
0.0,0.91,0.0,0.91,0.0,0.91,,
0.0,0.911,0.0,0.911,0.0,0.911,,
0.0,0.912,0.0,0.912,0.0,0.912,,
0.0,0.913,0.0,0.913,0.0,0.913,,
0.0,0.913,0.0,0.913,0.0,0.913,,
0.0,0.914,0.0,0.914,0.0,0.914,,
0.0,0.915,0.0,0.915,0.0,0.915,,
0.0,0.916,0.0,0.916,0.0,0.916,,
0.0,0.917,0.0,0.917,0.0,0.917,,
0.0,0.918,0.0,0.918,0.0,0.918,,
0.0,0.918,0.0,0.918,0.0,0.918,,
0.0,0.919,0.0,0.919,0.0,0.919,,
0.0,0.92,0.0,0.92,0.0,0.92,,
0.0,0.921,0.0,0.921,0.0,0.921,,
0.0,0.922,0.0,0.922,0.0,0.922,,
0.0,0.923,0.0,0.923,0.0,0.923,,
0.0,0.923,0.0,0.923,0.0,0.923,,
0.0,0.924,0.0,0.924,0.0,0.924,,
0.0,0.925,0.0,0.925,0.0,0.925,,
0.0,0.926,0.0,0.926,0.0,0.926,,
0.0,0.927,0.0,0.927,0.0,0.927,,
0.0,0.928,0.0,0.928,0.0,0.928,,
0.0,0.928,0.0,0.928,0.0,0.928,,
0.0,0.929,0.0,0.929,0.0,0.929,,
0.0,0.93,0.0,0.93,0.0,0.93,,
0.0,0.931,0.0,0.931,0.0,0.931,,
0.0,0.932,0.0,0.932,0.0,0.932,,
0.0,0.933,0.0,0.933,0.0,0.933,,
0.0,0.933,0.0,0.933,0.0,0.933,,
0.0,0.934,0.0,0.934,0.0,0.934,,
0.0,0.935,0.0,0.935,0.0,0.935,,
0.0,0.936,0.0,0.936,0.0,0.936,,
0.0,0.937,0.0,0.937,0.0,0.937,,
0.0,0.938,0.0,0.938,0.0,0.938,,
0.0,0.938,0.0,0.938,0.0,0.938,,
0.0,0.939,0.0,0.939,0.0,0.939,,
0.0,0.94,0.0,0.94,0.0,0.94,,
0.0,0.941,0.0,0.941,0.0,0.941,,
0.0,0.942,0.0,0.942,0.0,0.942,,
0.0,0.943,0.0,0.943,0.0,0.943,,
0.0,0.943,0.0,0.943,0.0,0.943,,
0.0,0.944,0.0,0.944,0.0,0.944,,
0.0,0.945,0.0,0.945,0.0,0.945,,
0.0,0.946,0.0,0.946,0.0,0.946,,
0.0,0.947,0.0,0.947,0.0,0.947,,
0.0,0.948,0.0,0.948,0.0,0.948,,
0.0,0.948,0.0,0.948,0.0,0.948,,
0.0,0.949,0.0,0.949,0.0,0.949,,
0.0,0.95,0.0,0.95,0.0,0.95,,
0.0,0.951,0.0,0.951,0.0,0.951,,
0.0,0.952,0.0,0.952,0.0,0.952,,
0.0,0.953,0.0,0.953,0.0,0.953,,
0.0,0.953,0.0,0.953,0.0,0.953,,
0.0,0.954,0.0,0.954,0.0,0.954,,
0.0,0.955,0.0,0.955,0.0,0.955,,
0.0,0.956,0.0,0.956,0.0,0.956,,
0.0,0.957,0.0,0.957,0.0,0.957,,
0.0,0.958,0.0,0.958,0.0,0.958,,
0.0,0.958,0.0,0.958,0.0,0.958,,
0.0,0.959,0.0,0.959,0.0,0.959,,
0.0,0.96,0.0,0.96,0.0,0.96,,
0.0,0.961,0.0,0.961,0.0,0.961,,
0.0,0.962,0.0,0.962,0.0,0.962,,
0.0,0.963,0.0,0.963,0.0,0.963,,
0.0,0.963,0.0,0.963,0.0,0.963,,
0.0,0.964,0.0,0.964,0.0,0.964,,
0.0,0.965,0.0,0.965,0.0,0.965,,
0.0,0.966,0.0,0.966,0.0,0.966,,
0.0,0.967,0.0,0.967,0.0,0.967,,
0.0,0.968,0.0,0.968,0.0,0.968,,
0.0,0.968,0.0,0.968,0.0,0.968,,
0.0,0.969,0.0,0.969,0.0,0.969,,
0.0,0.97,0.0,0.97,0.0,0.97,,
0.0,0.971,0.0,0.971,0.0,0.971,,
0.0,0.972,0.0,0.972,0.0,0.972,,
0.0,0.973,0.0,0.973,0.0,0.973,,
0.0,0.973,0.0,0.973,0.0,0.973,,
0.0,0.974,0.0,0.974,0.0,0.974,,
0.0,0.975,0.0,0.975,0.0,0.975,,
0.0,0.976,0.0,0.976,0.0,0.976,,
0.0,0.977,0.0,0.977,0.0,0.977,,
0.0,0.978,0.0,0.978,0.0,0.978,,
0.0,0.978,0.0,0.978,0.0,0.978,,
0.0,0.979,0.0,0.979,0.0,0.979,,
0.0,0.98,0.0,0.98,0.0,0.98,,
0.0,0.981,0.0,0.981,0.0,0.981,,
0.0,0.982,0.0,0.982,0.0,0.982,,
0.0,0.983,0.0,0.983,0.0,0.983,,
0.0,0.983,0.0,0.983,0.0,0.983,,
0.0,0.984,0.0,0.984,0.0,0.984,,
0.0,0.985,0.0,0.985,0.0,0.985,,
0.0,0.986,0.0,0.986,0.0,0.986,,
0.0,0.987,0.0,0.987,0.0,0.987,,
0.0,0.988,0.0,0.988,0.0,0.988,,
0.0,0.988,0.0,0.988,0.0,0.988,,
0.0,0.989,0.0,0.989,0.0,0.989,,
0.0,0.99,0.0,0.99,0.0,0.99,,
0.0,0.991,0.0,0.991,0.0,0.991,,
0.0,0.992,0.0,0.992,0.0,0.992,,
0.0,0.993,0.0,0.993,0.0,0.993,,
0.0,0.993,0.0,0.993,0.0,0.993,,
0.0,0.994,0.0,0.994,0.0,0.994,,
0.0,0.995,0.0,0.995,0.0,0.995,,
0.0,0.996,0.0,0.996,0.0,0.996,,
0.0,0.997,0.0,0.997,0.0,0.997,,
0.0,0.998,0.0,0.998,0.0,0.998,,
0.0,0.998,0.0,0.998,0.0,0.998,,
0.0,0.999,0.0,0.999,0.0,0.999,,
