Variable,Units,Date,Kind,PEST24: PEST24 Value,PEST20: PEST20 Value,Base: Init6 Value,Historical: Historical Data Value,Month,Water Year,PEST24: PEST24 WYT SAC,PEST24: PEST24 WYT SJR,PEST20: PEST20 WYT SAC,PEST20: PEST20 WYT SJR,Base: Init6 WYT SAC,Base: Init6 WYT SJR,Historical: Historical Data WYT SAC,Historical: Historical Data WYT SJR
UNUSED_FS,taf,1921-10-31,unused-fs,0.0,0.0,0.0,,10,1922,AN,AN,AN,AN,AN,AN,AN,W
UNUSED_FS,taf,1921-11-30,unused-fs,0.0,0.0,0.0,,11,1922,AN,AN,AN,AN,AN,AN,AN,W
UNUSED_FS,taf,1921-12-31,unused-fs,0.0,0.0,0.0,,12,1922,AN,AN,AN,AN,AN,AN,AN,W
UNUSED_FS,taf,1922-01-31,unused-fs,0.0,0.0,0.0,,1,1922,AN,AN,AN,AN,AN,AN,AN,W
UNUSED_FS,taf,1922-02-28,unused-fs,0.0,0.0,0.0,,2,1922,BN,D,BN,D,BN,D,AN,W
UNUSED_FS,taf,1922-03-31,unused-fs,0.0,0.0,0.0,,3,1922,BN,BN,BN,BN,BN,BN,AN,W
UNUSED_FS,taf,1922-04-30,unused-fs,62.246,53.065,62.152,,4,1922,AN,AN,AN,AN,AN,AN,AN,W
UNUSED_FS,taf,1922-05-31,unused-fs,4.272,2.413,2.361,,5,1922,AN,AN,AN,AN,AN,AN,AN,W
UNUSED_FS,taf,1922-06-30,unused-fs,112.424,124.66,113.035,,6,1922,AN,AN,AN,AN,AN,AN,AN,W
UNUSED_FS,taf,1922-07-31,unused-fs,0.0,0.0,0.0,,7,1922,AN,AN,AN,AN,AN,AN,AN,W
UNUSED_FS,taf,1922-08-31,unused-fs,21.846,16.477,53.635,,8,1922,AN,AN,AN,AN,AN,AN,AN,W
UNUSED_FS,taf,1922-09-30,unused-fs,105.688,103.293,119.265,,9,1922,AN,AN,AN,AN,AN,AN,AN,W
UNUSED_FS,taf,1922-10-31,unused-fs,4.455,0.0,0.0,,10,1923,AN,AN,AN,AN,AN,AN,BN,AN
UNUSED_FS,taf,1922-11-30,unused-fs,105.754,71.289,49.4,,11,1923,AN,AN,AN,AN,AN,AN,BN,AN
UNUSED_FS,taf,1922-12-31,unused-fs,0.0,0.0,0.0,,12,1923,AN,AN,AN,AN,AN,AN,BN,AN
UNUSED_FS,taf,1923-01-31,unused-fs,0.0,0.0,0.0,,1,1923,AN,AN,AN,AN,AN,AN,BN,AN
UNUSED_FS,taf,1923-02-28,unused-fs,0.0,0.0,0.0,,2,1923,BN,BN,BN,BN,BN,BN,BN,AN
UNUSED_FS,taf,1923-03-31,unused-fs,0.0,0.0,0.0,,3,1923,BN,BN,BN,BN,BN,BN,BN,AN
UNUSED_FS,taf,1923-04-30,unused-fs,135.266,37.908,105.703,,4,1923,D,D,D,D,D,D,BN,AN
UNUSED_FS,taf,1923-05-31,unused-fs,0.0,17.724,7.347,,5,1923,BN,BN,BN,BN,BN,BN,BN,AN
UNUSED_FS,taf,1923-06-30,unused-fs,0.0,0.0,29.463,,6,1923,BN,BN,BN,BN,BN,BN,BN,AN
UNUSED_FS,taf,1923-07-31,unused-fs,0.0,0.0,0.0,,7,1923,BN,BN,BN,BN,BN,BN,BN,AN
UNUSED_FS,taf,1923-08-31,unused-fs,0.0,0.0,0.0,,8,1923,BN,BN,BN,BN,BN,BN,BN,AN
UNUSED_FS,taf,1923-09-30,unused-fs,59.314,29.112,58.851,,9,1923,BN,BN,BN,BN,BN,BN,BN,AN
UNUSED_FS,taf,1923-10-31,unused-fs,0.0,0.0,0.0,,10,1924,BN,BN,BN,BN,BN,BN,C,C
UNUSED_FS,taf,1923-11-30,unused-fs,0.0,0.0,0.0,,11,1924,BN,BN,BN,BN,BN,BN,C,C
UNUSED_FS,taf,1923-12-31,unused-fs,0.0,0.0,0.0,,12,1924,BN,BN,BN,BN,BN,BN,C,C
UNUSED_FS,taf,1924-01-31,unused-fs,0.0,0.0,0.0,,1,1924,BN,BN,BN,BN,BN,BN,C,C
UNUSED_FS,taf,1924-02-28,unused-fs,0.0,0.0,0.0,,2,1924,C,C,C,C,C,C,,
UNUSED_FS,taf,1924-03-31,unused-fs,0.0,0.0,0.0,,3,1924,C,C,C,C,C,C,C,C
UNUSED_FS,taf,1924-04-30,unused-fs,16.61,34.636,27.174,,4,1924,C,C,C,C,C,C,C,C
UNUSED_FS,taf,1924-05-31,unused-fs,80.237,102.487,97.717,,5,1924,C,C,C,C,C,C,C,C
UNUSED_FS,taf,1924-06-30,unused-fs,0.0,0.0,16.039,,6,1924,C,C,C,C,C,C,C,C
UNUSED_FS,taf,1924-07-31,unused-fs,28.87,45.3,74.12,,7,1924,C,C,C,C,C,C,C,C
UNUSED_FS,taf,1924-08-31,unused-fs,75.366,83.235,96.115,,8,1924,C,C,C,C,C,C,C,C
UNUSED_FS,taf,1924-09-30,unused-fs,29.731,31.906,61.804,,9,1924,C,C,C,C,C,C,C,C
UNUSED_FS,taf,1924-10-31,unused-fs,0.0,0.0,0.0,,10,1925,C,C,C,C,C,C,D,BN
UNUSED_FS,taf,1924-11-30,unused-fs,0.0,0.0,0.0,,11,1925,C,C,C,C,C,C,D,BN
UNUSED_FS,taf,1924-12-31,unused-fs,0.0,0.0,0.0,,12,1925,C,C,C,C,C,C,D,BN
UNUSED_FS,taf,1925-01-31,unused-fs,0.0,0.0,0.0,,1,1925,C,C,C,C,C,C,D,BN
UNUSED_FS,taf,1925-02-28,unused-fs,0.0,0.0,0.0,,2,1925,C,C,C,C,C,C,D,BN
UNUSED_FS,taf,1925-03-31,unused-fs,0.0,0.0,0.0,,3,1925,D,C,D,C,D,C,D,BN
UNUSED_FS,taf,1925-04-30,unused-fs,0.0,0.0,0.0,,4,1925,D,C,D,C,D,C,D,BN
UNUSED_FS,taf,1925-05-31,unused-fs,0.0,0.0,0.0,,5,1925,D,D,D,D,D,D,D,BN
UNUSED_FS,taf,1925-06-30,unused-fs,0.0,0.0,0.0,,6,1925,D,D,D,D,D,D,D,BN
UNUSED_FS,taf,1925-07-31,unused-fs,0.0,0.0,0.0,,7,1925,D,D,D,D,D,D,D,BN
UNUSED_FS,taf,1925-08-31,unused-fs,0.0,0.0,0.0,,8,1925,D,D,D,D,D,D,D,BN
UNUSED_FS,taf,1925-09-30,unused-fs,70.278,59.665,78.602,,9,1925,D,D,D,D,D,D,D,BN
UNUSED_FS,taf,1925-10-31,unused-fs,0.0,0.0,0.0,,10,1926,D,D,D,D,D,D,D,D
UNUSED_FS,taf,1925-11-30,unused-fs,0.0,0.0,0.0,,11,1926,D,D,D,D,D,D,D,D
UNUSED_FS,taf,1925-12-31,unused-fs,0.0,0.0,0.0,,12,1926,D,D,D,D,D,D,D,D
UNUSED_FS,taf,1926-01-31,unused-fs,0.0,0.0,0.0,,1,1926,D,D,D,D,D,D,D,D
UNUSED_FS,taf,1926-02-28,unused-fs,0.0,0.0,0.0,,2,1926,C,C,C,C,C,C,D,D
UNUSED_FS,taf,1926-03-31,unused-fs,0.0,0.0,0.0,,3,1926,D,C,D,C,D,C,D,D
UNUSED_FS,taf,1926-04-30,unused-fs,0.0,0.0,0.0,,4,1926,C,C,C,C,C,C,D,D
UNUSED_FS,taf,1926-05-31,unused-fs,5.174,0.0,0.0,,5,1926,D,C,D,C,D,C,D,D
UNUSED_FS,taf,1926-06-30,unused-fs,0.0,0.0,0.0,,6,1926,D,C,D,C,D,C,D,D
UNUSED_FS,taf,1926-07-31,unused-fs,0.0,0.0,0.0,,7,1926,D,C,D,C,D,C,D,D
UNUSED_FS,taf,1926-08-31,unused-fs,0.0,0.0,0.0,,8,1926,D,C,D,C,D,C,D,D
UNUSED_FS,taf,1926-09-30,unused-fs,11.794,0.0,0.0,,9,1926,D,C,D,C,D,C,D,D
UNUSED_FS,taf,1926-10-31,unused-fs,0.0,0.0,0.0,,10,1927,D,C,D,C,D,C,W,AN
UNUSED_FS,taf,1926-11-30,unused-fs,0.0,0.0,0.0,,11,1927,D,C,D,C,D,C,W,AN
UNUSED_FS,taf,1926-12-31,unused-fs,0.0,0.0,0.0,,12,1927,D,C,D,C,D,C,W,AN
UNUSED_FS,taf,1927-01-31,unused-fs,0.0,0.0,0.0,,1,1927,D,C,D,C,D,C,W,AN
UNUSED_FS,taf,1927-02-28,unused-fs,0.0,0.0,0.0,,2,1927,BN,D,BN,D,BN,D,W,AN
UNUSED_FS,taf,1927-03-31,unused-fs,0.0,0.0,0.0,,3,1927,AN,BN,AN,BN,AN,BN,W,AN
UNUSED_FS,taf,1927-04-30,unused-fs,0.0,0.0,0.0,,4,1927,AN,BN,AN,BN,AN,BN,W,AN
UNUSED_FS,taf,1927-05-31,unused-fs,0.0,0.0,0.0,,5,1927,W,BN,W,BN,W,BN,W,AN
UNUSED_FS,taf,1927-06-30,unused-fs,0.0,0.0,0.0,,6,1927,W,BN,W,BN,W,BN,W,AN
UNUSED_FS,taf,1927-07-31,unused-fs,0.0,0.0,0.0,,7,1927,W,BN,W,BN,W,BN,W,AN
UNUSED_FS,taf,1927-08-31,unused-fs,0.0,0.0,0.0,,8,1927,W,BN,W,BN,W,BN,W,AN
UNUSED_FS,taf,1927-09-30,unused-fs,65.348,15.974,73.293,,9,1927,W,BN,W,BN,W,BN,W,AN
UNUSED_FS,taf,1927-10-31,unused-fs,0.0,0.0,0.0,,10,1928,W,BN,W,BN,W,BN,AN,BN
UNUSED_FS,taf,1927-11-30,unused-fs,23.188,26.414,39.491,,11,1928,W,BN,W,BN,W,BN,AN,BN
UNUSED_FS,taf,1927-12-31,unused-fs,0.0,0.0,0.0,,12,1928,W,BN,W,BN,W,BN,AN,BN
UNUSED_FS,taf,1928-01-31,unused-fs,0.0,0.0,0.0,,1,1928,W,BN,W,BN,W,BN,AN,BN
UNUSED_FS,taf,1928-02-28,unused-fs,0.0,0.0,0.0,,2,1928,BN,C,BN,C,BN,C,,
UNUSED_FS,taf,1928-03-31,unused-fs,0.0,0.0,0.0,,3,1928,BN,C,BN,C,BN,C,AN,BN
UNUSED_FS,taf,1928-04-30,unused-fs,0.0,0.0,0.0,,4,1928,AN,D,AN,D,AN,D,AN,BN
UNUSED_FS,taf,1928-05-31,unused-fs,31.525,44.969,19.37,,5,1928,AN,D,AN,D,AN,D,AN,BN
UNUSED_FS,taf,1928-06-30,unused-fs,0.0,0.0,0.0,,6,1928,AN,D,AN,D,AN,D,AN,BN
UNUSED_FS,taf,1928-07-31,unused-fs,0.0,0.0,0.0,,7,1928,AN,D,AN,D,AN,D,AN,BN
UNUSED_FS,taf,1928-08-31,unused-fs,0.0,0.0,0.0,,8,1928,AN,D,AN,D,AN,D,AN,BN
UNUSED_FS,taf,1928-09-30,unused-fs,37.241,13.619,48.636,,9,1928,AN,D,AN,D,AN,D,AN,BN
UNUSED_FS,taf,1928-10-31,unused-fs,0.0,0.0,0.0,,10,1929,AN,D,AN,D,AN,D,C,C
UNUSED_FS,taf,1928-11-30,unused-fs,21.119,17.87,0.0,,11,1929,AN,D,AN,D,AN,D,C,C
UNUSED_FS,taf,1928-12-31,unused-fs,0.0,0.0,0.0,,12,1929,AN,D,AN,D,AN,D,C,C
UNUSED_FS,taf,1929-01-31,unused-fs,0.0,0.0,0.0,,1,1929,AN,D,AN,D,AN,D,C,C
UNUSED_FS,taf,1929-02-28,unused-fs,0.0,0.0,0.0,,2,1929,D,C,D,C,D,C,C,C
UNUSED_FS,taf,1929-03-31,unused-fs,0.0,0.0,0.0,,3,1929,D,C,D,C,D,C,C,C
UNUSED_FS,taf,1929-04-30,unused-fs,0.0,0.0,0.0,,4,1929,C,C,C,C,C,C,C,C
UNUSED_FS,taf,1929-05-31,unused-fs,0.0,0.0,0.0,,5,1929,C,C,C,C,C,C,C,C
UNUSED_FS,taf,1929-06-30,unused-fs,0.0,0.0,0.0,,6,1929,C,C,C,C,C,C,C,C
UNUSED_FS,taf,1929-07-31,unused-fs,0.0,0.0,0.337,,7,1929,C,C,C,C,C,C,C,C
UNUSED_FS,taf,1929-08-31,unused-fs,0.0,0.0,0.0,,8,1929,C,C,C,C,C,C,C,C
UNUSED_FS,taf,1929-09-30,unused-fs,0.0,0.0,0.0,,9,1929,C,C,C,C,C,C,C,C
UNUSED_FS,taf,1929-10-31,unused-fs,0.0,0.0,0.0,,10,1930,C,C,C,C,C,C,D,C
UNUSED_FS,taf,1929-11-30,unused-fs,0.0,0.0,0.0,,11,1930,C,C,C,C,C,C,D,C
UNUSED_FS,taf,1929-12-31,unused-fs,0.0,0.0,0.0,,12,1930,C,C,C,C,C,C,D,C
UNUSED_FS,taf,1930-01-31,unused-fs,0.0,0.0,0.0,,1,1930,C,C,C,C,C,C,D,C
UNUSED_FS,taf,1930-02-28,unused-fs,0.0,0.0,0.0,,2,1930,D,C,D,C,D,C,D,C
UNUSED_FS,taf,1930-03-31,unused-fs,0.0,0.0,0.0,,3,1930,D,C,D,C,D,C,D,C
UNUSED_FS,taf,1930-04-30,unused-fs,0.0,0.0,0.0,,4,1930,D,C,D,C,D,C,D,C
UNUSED_FS,taf,1930-05-31,unused-fs,0.0,4.317,0.0,,5,1930,D,C,D,C,D,C,D,C
UNUSED_FS,taf,1930-06-30,unused-fs,0.0,0.0,0.0,,6,1930,D,C,D,C,D,C,D,C
UNUSED_FS,taf,1930-07-31,unused-fs,0.0,0.0,0.0,,7,1930,D,C,D,C,D,C,D,C
UNUSED_FS,taf,1930-08-31,unused-fs,0.0,0.0,0.0,,8,1930,D,C,D,C,D,C,D,C
UNUSED_FS,taf,1930-09-30,unused-fs,0.0,0.0,0.0,,9,1930,D,C,D,C,D,C,D,C
UNUSED_FS,taf,1930-10-31,unused-fs,0.0,0.0,0.0,,10,1931,D,C,D,C,D,C,C,C
UNUSED_FS,taf,1930-11-30,unused-fs,0.0,0.0,0.0,,11,1931,D,C,D,C,D,C,C,C
UNUSED_FS,taf,1930-12-31,unused-fs,0.0,0.0,0.0,,12,1931,D,C,D,C,D,C,C,C
UNUSED_FS,taf,1931-01-31,unused-fs,0.0,0.0,0.0,,1,1931,D,C,D,C,D,C,C,C
UNUSED_FS,taf,1931-02-28,unused-fs,0.0,0.0,0.0,,2,1931,C,C,C,C,C,C,C,C
UNUSED_FS,taf,1931-03-31,unused-fs,0.0,0.0,0.0,,3,1931,C,C,C,C,C,C,C,C
UNUSED_FS,taf,1931-04-30,unused-fs,1.1,11.303,9.375,,4,1931,C,C,C,C,C,C,C,C
UNUSED_FS,taf,1931-05-31,unused-fs,58.699,78.902,72.068,,5,1931,C,C,C,C,C,C,C,C
UNUSED_FS,taf,1931-06-30,unused-fs,4.811,15.444,8.076,,6,1931,C,C,C,C,C,C,C,C
UNUSED_FS,taf,1931-07-31,unused-fs,0.0,0.0,0.0,,7,1931,C,C,C,C,C,C,C,C
UNUSED_FS,taf,1931-08-31,unused-fs,0.0,12.04,30.856,,8,1931,C,C,C,C,C,C,C,C
UNUSED_FS,taf,1931-09-30,unused-fs,32.649,31.987,64.367,,9,1931,C,C,C,C,C,C,C,C
UNUSED_FS,taf,1931-10-31,unused-fs,0.0,0.0,16.05,,10,1932,C,C,C,C,C,C,D,AN
UNUSED_FS,taf,1931-11-30,unused-fs,0.0,0.0,0.0,,11,1932,C,C,C,C,C,C,D,AN
UNUSED_FS,taf,1931-12-31,unused-fs,0.0,0.0,0.0,,12,1932,C,C,C,C,C,C,D,AN
UNUSED_FS,taf,1932-01-31,unused-fs,0.0,0.0,0.0,,1,1932,C,C,C,C,C,C,D,AN
UNUSED_FS,taf,1932-02-28,unused-fs,0.0,0.0,0.0,,2,1932,D,BN,D,BN,D,BN,,
UNUSED_FS,taf,1932-03-31,unused-fs,0.0,0.0,0.0,,3,1932,D,BN,D,BN,D,BN,D,AN
UNUSED_FS,taf,1932-04-30,unused-fs,0.0,0.0,0.0,,4,1932,C,BN,C,BN,C,BN,D,AN
UNUSED_FS,taf,1932-05-31,unused-fs,0.0,0.0,0.0,,5,1932,C,BN,C,BN,C,BN,D,AN
UNUSED_FS,taf,1932-06-30,unused-fs,45.049,64.57,58.862,,6,1932,C,BN,C,BN,C,BN,D,AN
UNUSED_FS,taf,1932-07-31,unused-fs,52.326,67.221,67.15,,7,1932,C,BN,C,BN,C,BN,D,AN
UNUSED_FS,taf,1932-08-31,unused-fs,91.851,84.806,109.832,,8,1932,C,BN,C,BN,C,BN,D,AN
UNUSED_FS,taf,1932-09-30,unused-fs,0.0,0.0,17.307,,9,1932,C,BN,C,BN,C,BN,D,AN
UNUSED_FS,taf,1932-10-31,unused-fs,0.0,0.0,0.0,,10,1933,C,BN,C,BN,C,BN,C,D
UNUSED_FS,taf,1932-11-30,unused-fs,0.0,10.267,8.794,,11,1933,C,BN,C,BN,C,BN,C,D
UNUSED_FS,taf,1932-12-31,unused-fs,0.0,0.0,0.0,,12,1933,C,BN,C,BN,C,BN,C,D
UNUSED_FS,taf,1933-01-31,unused-fs,0.0,0.0,0.0,,1,1933,C,BN,C,BN,C,BN,C,D
UNUSED_FS,taf,1933-02-28,unused-fs,0.0,0.0,50.89,,2,1933,C,D,C,D,C,D,C,D
UNUSED_FS,taf,1933-03-31,unused-fs,0.0,0.0,0.0,,3,1933,C,C,C,C,C,C,C,D
UNUSED_FS,taf,1933-04-30,unused-fs,0.0,0.0,0.0,,4,1933,C,C,C,C,C,C,C,D
UNUSED_FS,taf,1933-05-31,unused-fs,2.757,1.793,3.668,,5,1933,C,C,C,C,C,C,C,D
UNUSED_FS,taf,1933-06-30,unused-fs,0.0,0.0,0.0,,6,1933,C,C,C,C,C,C,C,D
UNUSED_FS,taf,1933-07-31,unused-fs,0.0,0.0,0.0,,7,1933,C,C,C,C,C,C,C,D
UNUSED_FS,taf,1933-08-31,unused-fs,4.118,6.425,64.273,,8,1933,C,C,C,C,C,C,C,D
UNUSED_FS,taf,1933-09-30,unused-fs,10.462,8.722,41.704,,9,1933,C,C,C,C,C,C,C,D
UNUSED_FS,taf,1933-10-31,unused-fs,0.0,0.0,0.0,,10,1934,C,C,C,C,C,C,C,C
UNUSED_FS,taf,1933-11-30,unused-fs,0.0,0.0,0.0,,11,1934,C,C,C,C,C,C,C,C
UNUSED_FS,taf,1933-12-31,unused-fs,0.0,0.0,0.0,,12,1934,C,C,C,C,C,C,C,C
UNUSED_FS,taf,1934-01-31,unused-fs,0.0,0.0,0.0,,1,1934,C,C,C,C,C,C,C,C
UNUSED_FS,taf,1934-02-28,unused-fs,0.0,0.0,0.0,,2,1934,C,C,C,C,C,C,C,C
UNUSED_FS,taf,1934-03-31,unused-fs,0.0,0.0,0.0,,3,1934,C,C,C,C,C,C,C,C
UNUSED_FS,taf,1934-04-30,unused-fs,0.0,0.0,0.0,,4,1934,C,C,C,C,C,C,C,C
UNUSED_FS,taf,1934-05-31,unused-fs,0.0,28.906,16.404,,5,1934,C,C,C,C,C,C,C,C
UNUSED_FS,taf,1934-06-30,unused-fs,44.634,0.0,0.0,,6,1934,C,C,C,C,C,C,C,C
UNUSED_FS,taf,1934-07-31,unused-fs,26.98,19.241,25.035,,7,1934,C,C,C,C,C,C,C,C
UNUSED_FS,taf,1934-08-31,unused-fs,9.853,63.035,70.129,,8,1934,C,C,C,C,C,C,C,C
UNUSED_FS,taf,1934-09-30,unused-fs,0.0,13.878,52.653,,9,1934,C,C,C,C,C,C,C,C
UNUSED_FS,taf,1934-10-31,unused-fs,0.0,5.218,4.037,,10,1935,C,C,C,C,C,C,BN,AN
UNUSED_FS,taf,1934-11-30,unused-fs,0.0,0.0,0.0,,11,1935,C,C,C,C,C,C,BN,AN
UNUSED_FS,taf,1934-12-31,unused-fs,0.0,0.0,0.0,,12,1935,C,C,C,C,C,C,BN,AN
UNUSED_FS,taf,1935-01-31,unused-fs,0.0,0.0,0.0,,1,1935,C,C,C,C,C,C,BN,AN
UNUSED_FS,taf,1935-02-28,unused-fs,0.0,0.0,0.0,,2,1935,D,C,D,C,D,C,BN,AN
UNUSED_FS,taf,1935-03-31,unused-fs,0.0,0.0,0.0,,3,1935,D,C,D,C,D,C,BN,AN
UNUSED_FS,taf,1935-04-30,unused-fs,0.0,35.585,0.0,,4,1935,D,D,D,D,D,D,BN,AN
UNUSED_FS,taf,1935-05-31,unused-fs,0.0,0.0,0.0,,5,1935,BN,AN,BN,AN,BN,AN,BN,AN
UNUSED_FS,taf,1935-06-30,unused-fs,0.0,0.0,0.0,,6,1935,BN,AN,BN,AN,BN,AN,BN,AN
UNUSED_FS,taf,1935-07-31,unused-fs,0.0,0.0,0.0,,7,1935,BN,AN,BN,AN,BN,AN,BN,AN
UNUSED_FS,taf,1935-08-31,unused-fs,0.0,0.0,0.0,,8,1935,BN,AN,BN,AN,BN,AN,BN,AN
UNUSED_FS,taf,1935-09-30,unused-fs,31.603,0.0,0.0,,9,1935,BN,AN,BN,AN,BN,AN,BN,AN
UNUSED_FS,taf,1935-10-31,unused-fs,0.0,0.0,0.0,,10,1936,BN,AN,BN,AN,BN,AN,BN,AN
UNUSED_FS,taf,1935-11-30,unused-fs,0.0,0.0,0.0,,11,1936,BN,AN,BN,AN,BN,AN,BN,AN
UNUSED_FS,taf,1935-12-31,unused-fs,0.0,0.0,0.0,,12,1936,BN,AN,BN,AN,BN,AN,BN,AN
UNUSED_FS,taf,1936-01-31,unused-fs,0.0,0.0,0.0,,1,1936,BN,AN,BN,AN,BN,AN,BN,AN
UNUSED_FS,taf,1936-02-28,unused-fs,0.0,0.0,0.0,,2,1936,BN,D,BN,D,BN,D,,
UNUSED_FS,taf,1936-03-31,unused-fs,0.0,0.0,0.0,,3,1936,AN,AN,AN,AN,AN,AN,BN,AN
UNUSED_FS,taf,1936-04-30,unused-fs,3.523,3.087,11.681,,4,1936,BN,AN,BN,AN,BN,AN,BN,AN
UNUSED_FS,taf,1936-05-31,unused-fs,45.744,61.192,48.888,,5,1936,BN,AN,BN,AN,BN,AN,BN,AN
UNUSED_FS,taf,1936-06-30,unused-fs,0.0,0.0,0.0,,6,1936,BN,AN,BN,AN,BN,AN,BN,AN
UNUSED_FS,taf,1936-07-31,unused-fs,0.0,0.0,0.0,,7,1936,BN,AN,BN,AN,BN,AN,BN,AN
UNUSED_FS,taf,1936-08-31,unused-fs,0.0,0.0,0.0,,8,1936,BN,AN,BN,AN,BN,AN,BN,AN
UNUSED_FS,taf,1936-09-30,unused-fs,53.121,40.546,65.916,,9,1936,BN,AN,BN,AN,BN,AN,BN,AN
UNUSED_FS,taf,1936-10-31,unused-fs,0.0,0.0,0.0,,10,1937,BN,AN,BN,AN,BN,AN,BN,W
UNUSED_FS,taf,1936-11-30,unused-fs,0.0,0.0,0.0,,11,1937,BN,AN,BN,AN,BN,AN,BN,W
UNUSED_FS,taf,1936-12-31,unused-fs,0.0,0.0,0.0,,12,1937,BN,AN,BN,AN,BN,AN,BN,W
UNUSED_FS,taf,1937-01-31,unused-fs,0.0,0.0,0.0,,1,1937,BN,AN,BN,AN,BN,AN,BN,W
UNUSED_FS,taf,1937-02-28,unused-fs,0.0,0.0,0.0,,2,1937,D,BN,D,BN,D,BN,BN,W
UNUSED_FS,taf,1937-03-31,unused-fs,0.0,0.0,0.0,,3,1937,D,AN,D,AN,D,AN,BN,W
UNUSED_FS,taf,1937-04-30,unused-fs,83.855,22.227,0.82,,4,1937,D,AN,D,AN,D,AN,BN,W
UNUSED_FS,taf,1937-05-31,unused-fs,21.571,38.738,21.65,,5,1937,BN,AN,BN,AN,BN,AN,BN,W
UNUSED_FS,taf,1937-06-30,unused-fs,0.0,0.0,0.0,,6,1937,BN,AN,BN,AN,BN,AN,BN,W
UNUSED_FS,taf,1937-07-31,unused-fs,0.0,0.0,0.0,,7,1937,BN,AN,BN,AN,BN,AN,BN,W
UNUSED_FS,taf,1937-08-31,unused-fs,0.0,0.0,0.0,,8,1937,BN,AN,BN,AN,BN,AN,BN,W
UNUSED_FS,taf,1937-09-30,unused-fs,52.821,42.29,45.423,,9,1937,BN,AN,BN,AN,BN,AN,BN,W
UNUSED_FS,taf,1937-10-31,unused-fs,0.0,0.0,0.0,,10,1938,BN,AN,BN,AN,BN,AN,W,W
UNUSED_FS,taf,1937-11-30,unused-fs,0.0,0.0,0.0,,11,1938,BN,AN,BN,AN,BN,AN,W,W
UNUSED_FS,taf,1937-12-31,unused-fs,0.0,0.0,0.0,,12,1938,BN,AN,BN,AN,BN,AN,W,W
UNUSED_FS,taf,1938-01-31,unused-fs,0.0,0.0,0.0,,1,1938,BN,AN,BN,AN,BN,AN,W,W
UNUSED_FS,taf,1938-02-28,unused-fs,0.0,0.0,0.0,,2,1938,AN,BN,AN,BN,AN,BN,W,W
UNUSED_FS,taf,1938-03-31,unused-fs,0.0,0.0,0.0,,3,1938,W,AN,W,AN,W,AN,W,W
UNUSED_FS,taf,1938-04-30,unused-fs,98.757,96.358,96.277,,4,1938,W,W,W,W,W,W,W,W
UNUSED_FS,taf,1938-05-31,unused-fs,49.416,38.976,52.96,,5,1938,W,W,W,W,W,W,W,W
UNUSED_FS,taf,1938-06-30,unused-fs,49.47,104.224,41.463,,6,1938,W,W,W,W,W,W,W,W
UNUSED_FS,taf,1938-07-31,unused-fs,0.0,0.0,0.0,,7,1938,W,W,W,W,W,W,W,W
UNUSED_FS,taf,1938-08-31,unused-fs,9.077,0.0,16.333,,8,1938,W,W,W,W,W,W,W,W
UNUSED_FS,taf,1938-09-30,unused-fs,177.599,170.811,121.2,,9,1938,W,W,W,W,W,W,W,W
UNUSED_FS,taf,1938-10-31,unused-fs,148.285,68.944,69.566,,10,1939,W,W,W,W,W,W,D,D
UNUSED_FS,taf,1938-11-30,unused-fs,63.217,9.932,0.0,,11,1939,W,W,W,W,W,W,D,D
UNUSED_FS,taf,1938-12-31,unused-fs,0.0,0.0,0.0,,12,1939,W,W,W,W,W,W,D,D
UNUSED_FS,taf,1939-01-31,unused-fs,0.0,0.0,0.0,,1,1939,W,W,W,W,W,W,D,D
UNUSED_FS,taf,1939-02-28,unused-fs,0.0,0.0,0.0,,2,1939,D,C,D,C,D,C,D,D
UNUSED_FS,taf,1939-03-31,unused-fs,0.0,0.0,0.0,,3,1939,D,C,D,C,D,C,D,D
UNUSED_FS,taf,1939-04-30,unused-fs,0.0,0.0,0.0,,4,1939,D,C,D,C,D,C,D,D
UNUSED_FS,taf,1939-05-31,unused-fs,0.0,0.0,0.0,,5,1939,D,C,D,C,D,C,D,D
UNUSED_FS,taf,1939-06-30,unused-fs,0.0,0.0,0.0,,6,1939,D,C,D,C,D,C,D,D
UNUSED_FS,taf,1939-07-31,unused-fs,0.0,0.0,0.0,,7,1939,D,C,D,C,D,C,D,D
UNUSED_FS,taf,1939-08-31,unused-fs,0.0,0.0,0.0,,8,1939,D,C,D,C,D,C,D,D
UNUSED_FS,taf,1939-09-30,unused-fs,0.0,0.0,0.0,,9,1939,D,C,D,C,D,C,D,D
UNUSED_FS,taf,1939-10-31,unused-fs,0.0,0.0,0.0,,10,1940,D,C,D,C,D,C,AN,AN
UNUSED_FS,taf,1939-11-30,unused-fs,0.0,0.0,0.0,,11,1940,D,C,D,C,D,C,AN,AN
UNUSED_FS,taf,1939-12-31,unused-fs,0.0,0.0,0.0,,12,1940,D,C,D,C,D,C,AN,AN
UNUSED_FS,taf,1940-01-31,unused-fs,0.0,0.0,0.0,,1,1940,D,C,D,C,D,C,AN,AN
UNUSED_FS,taf,1940-02-28,unused-fs,0.0,0.0,0.0,,2,1940,D,D,D,D,D,D,,
UNUSED_FS,taf,1940-03-31,unused-fs,0.0,0.0,0.0,,3,1940,AN,BN,AN,BN,AN,BN,AN,AN
UNUSED_FS,taf,1940-04-30,unused-fs,0.0,0.0,0.0,,4,1940,AN,BN,AN,BN,AN,BN,AN,AN
UNUSED_FS,taf,1940-05-31,unused-fs,0.0,14.542,0.0,,5,1940,AN,BN,AN,BN,AN,BN,AN,AN
UNUSED_FS,taf,1940-06-30,unused-fs,0.0,0.0,0.0,,6,1940,AN,BN,AN,BN,AN,BN,AN,AN
UNUSED_FS,taf,1940-07-31,unused-fs,0.0,0.0,0.0,,7,1940,AN,BN,AN,BN,AN,BN,AN,AN
UNUSED_FS,taf,1940-08-31,unused-fs,0.0,0.0,0.0,,8,1940,AN,BN,AN,BN,AN,BN,AN,AN
UNUSED_FS,taf,1940-09-30,unused-fs,26.973,0.0,32.11,,9,1940,AN,BN,AN,BN,AN,BN,AN,AN
UNUSED_FS,taf,1940-10-31,unused-fs,0.0,0.0,0.0,,10,1941,AN,BN,AN,BN,AN,BN,W,W
UNUSED_FS,taf,1940-11-30,unused-fs,0.0,0.0,0.0,,11,1941,AN,BN,AN,BN,AN,BN,W,W
UNUSED_FS,taf,1940-12-31,unused-fs,0.0,0.0,0.0,,12,1941,AN,BN,AN,BN,AN,BN,W,W
UNUSED_FS,taf,1941-01-31,unused-fs,0.0,0.0,0.0,,1,1941,AN,BN,AN,BN,AN,BN,W,W
UNUSED_FS,taf,1941-02-28,unused-fs,0.0,0.0,0.0,,2,1941,W,BN,W,BN,W,BN,W,W
UNUSED_FS,taf,1941-03-31,unused-fs,0.0,0.0,0.0,,3,1941,W,AN,W,AN,W,AN,W,W
UNUSED_FS,taf,1941-04-30,unused-fs,103.954,104.391,100.38,,4,1941,W,AN,W,AN,W,AN,W,W
UNUSED_FS,taf,1941-05-31,unused-fs,84.193,84.458,73.019,,5,1941,W,W,W,W,W,W,W,W
UNUSED_FS,taf,1941-06-30,unused-fs,0.0,0.0,0.0,,6,1941,W,W,W,W,W,W,W,W
UNUSED_FS,taf,1941-07-31,unused-fs,0.0,0.0,0.0,,7,1941,W,W,W,W,W,W,W,W
UNUSED_FS,taf,1941-08-31,unused-fs,66.678,0.0,46.798,,8,1941,W,W,W,W,W,W,W,W
UNUSED_FS,taf,1941-09-30,unused-fs,335.114,294.195,310.443,,9,1941,W,W,W,W,W,W,W,W
UNUSED_FS,taf,1941-10-31,unused-fs,230.174,180.109,204.796,,10,1942,W,W,W,W,W,W,W,W
UNUSED_FS,taf,1941-11-30,unused-fs,76.133,68.995,50.418,,11,1942,W,W,W,W,W,W,W,W
UNUSED_FS,taf,1941-12-31,unused-fs,0.0,0.0,0.0,,12,1942,W,W,W,W,W,W,W,W
UNUSED_FS,taf,1942-01-31,unused-fs,0.0,0.0,0.0,,1,1942,W,W,W,W,W,W,W,W
UNUSED_FS,taf,1942-02-28,unused-fs,0.0,0.0,0.0,,2,1942,W,AN,W,AN,W,AN,W,W
UNUSED_FS,taf,1942-03-31,unused-fs,0.0,0.0,0.0,,3,1942,W,AN,W,AN,W,AN,W,W
UNUSED_FS,taf,1942-04-30,unused-fs,25.402,1.474,0.0,,4,1942,W,AN,W,AN,W,AN,W,W
UNUSED_FS,taf,1942-05-31,unused-fs,36.118,39.499,26.235,,5,1942,W,AN,W,AN,W,AN,W,W
UNUSED_FS,taf,1942-06-30,unused-fs,0.0,8.035,0.0,,6,1942,W,AN,W,AN,W,AN,W,W
UNUSED_FS,taf,1942-07-31,unused-fs,0.0,0.0,0.0,,7,1942,W,AN,W,AN,W,AN,W,W
UNUSED_FS,taf,1942-08-31,unused-fs,0.0,0.0,11.34,,8,1942,W,AN,W,AN,W,AN,W,W
UNUSED_FS,taf,1942-09-30,unused-fs,91.208,89.89,78.352,,9,1942,W,AN,W,AN,W,AN,W,W
UNUSED_FS,taf,1942-10-31,unused-fs,37.284,34.979,36.145,,10,1943,W,AN,W,AN,W,AN,W,W
UNUSED_FS,taf,1942-11-30,unused-fs,168.93,166.788,175.496,,11,1943,W,AN,W,AN,W,AN,W,W
UNUSED_FS,taf,1942-12-31,unused-fs,0.0,0.0,0.0,,12,1943,W,AN,W,AN,W,AN,W,W
UNUSED_FS,taf,1943-01-31,unused-fs,0.0,0.0,0.0,,1,1943,W,AN,W,AN,W,AN,W,W
UNUSED_FS,taf,1943-02-28,unused-fs,0.0,0.0,0.0,,2,1943,W,AN,W,AN,W,AN,W,W
UNUSED_FS,taf,1943-03-31,unused-fs,0.0,0.0,0.0,,3,1943,W,AN,W,AN,W,AN,W,W
UNUSED_FS,taf,1943-04-30,unused-fs,90.668,90.901,89.487,,4,1943,W,AN,W,AN,W,AN,W,W
UNUSED_FS,taf,1943-05-31,unused-fs,0.0,0.0,0.0,,5,1943,W,AN,W,AN,W,AN,W,W
UNUSED_FS,taf,1943-06-30,unused-fs,0.0,0.0,0.0,,6,1943,W,AN,W,AN,W,AN,W,W
UNUSED_FS,taf,1943-07-31,unused-fs,0.0,0.0,0.0,,7,1943,W,AN,W,AN,W,AN,W,W
UNUSED_FS,taf,1943-08-31,unused-fs,0.0,0.0,0.0,,8,1943,W,AN,W,AN,W,AN,W,W
UNUSED_FS,taf,1943-09-30,unused-fs,56.358,42.826,52.503,,9,1943,W,AN,W,AN,W,AN,W,W
UNUSED_FS,taf,1943-10-31,unused-fs,0.0,0.0,0.0,,10,1944,W,AN,W,AN,W,AN,D,BN
UNUSED_FS,taf,1943-11-30,unused-fs,0.0,0.0,0.0,,11,1944,W,AN,W,AN,W,AN,D,BN
UNUSED_FS,taf,1943-12-31,unused-fs,0.0,0.0,0.0,,12,1944,W,AN,W,AN,W,AN,D,BN
UNUSED_FS,taf,1944-01-31,unused-fs,0.0,0.0,0.0,,1,1944,W,AN,W,AN,W,AN,D,BN
UNUSED_FS,taf,1944-02-28,unused-fs,0.0,0.0,0.0,,2,1944,D,C,D,C,D,C,,
UNUSED_FS,taf,1944-03-31,unused-fs,0.0,0.0,0.0,,3,1944,D,D,D,D,D,D,D,BN
UNUSED_FS,taf,1944-04-30,unused-fs,0.0,0.0,0.0,,4,1944,D,D,D,D,D,D,D,BN
UNUSED_FS,taf,1944-05-31,unused-fs,0.0,0.0,0.0,,5,1944,D,D,D,D,D,D,D,BN
UNUSED_FS,taf,1944-06-30,unused-fs,0.0,0.0,0.253,,6,1944,D,D,D,D,D,D,D,BN
UNUSED_FS,taf,1944-07-31,unused-fs,0.0,0.0,0.0,,7,1944,D,D,D,D,D,D,D,BN
UNUSED_FS,taf,1944-08-31,unused-fs,0.0,0.0,0.0,,8,1944,D,D,D,D,D,D,D,BN
UNUSED_FS,taf,1944-09-30,unused-fs,0.0,0.0,0.0,,9,1944,D,D,D,D,D,D,D,BN
UNUSED_FS,taf,1944-10-31,unused-fs,0.0,0.0,0.0,,10,1945,D,D,D,D,D,D,BN,AN
UNUSED_FS,taf,1944-11-30,unused-fs,37.763,0.0,0.0,,11,1945,D,D,D,D,D,D,BN,AN
UNUSED_FS,taf,1944-12-31,unused-fs,0.0,0.0,0.0,,12,1945,D,D,D,D,D,D,BN,AN
UNUSED_FS,taf,1945-01-31,unused-fs,0.0,0.0,0.0,,1,1945,D,D,D,D,D,D,BN,AN
UNUSED_FS,taf,1945-02-28,unused-fs,0.0,0.0,0.0,,2,1945,D,C,D,C,D,C,BN,AN
UNUSED_FS,taf,1945-03-31,unused-fs,0.0,0.0,0.0,,3,1945,D,D,D,D,D,D,BN,AN
UNUSED_FS,taf,1945-04-30,unused-fs,0.0,0.0,1.703,,4,1945,BN,BN,BN,BN,BN,BN,BN,AN
UNUSED_FS,taf,1945-05-31,unused-fs,0.0,0.0,0.0,,5,1945,D,BN,D,BN,D,BN,BN,AN
UNUSED_FS,taf,1945-06-30,unused-fs,0.0,0.0,0.0,,6,1945,D,BN,D,BN,D,BN,BN,AN
UNUSED_FS,taf,1945-07-31,unused-fs,0.0,0.0,0.0,,7,1945,D,BN,D,BN,D,BN,BN,AN
UNUSED_FS,taf,1945-08-31,unused-fs,0.0,0.0,0.0,,8,1945,D,BN,D,BN,D,BN,BN,AN
UNUSED_FS,taf,1945-09-30,unused-fs,45.827,36.213,51.881,,9,1945,D,BN,D,BN,D,BN,BN,AN
UNUSED_FS,taf,1945-10-31,unused-fs,0.0,0.0,0.0,,10,1946,D,BN,D,BN,D,BN,BN,AN
UNUSED_FS,taf,1945-11-30,unused-fs,27.909,0.0,0.0,,11,1946,D,BN,D,BN,D,BN,BN,AN
UNUSED_FS,taf,1945-12-31,unused-fs,0.0,0.0,0.0,,12,1946,D,BN,D,BN,D,BN,BN,AN
UNUSED_FS,taf,1946-01-31,unused-fs,0.0,0.0,0.0,,1,1946,D,BN,D,BN,D,BN,BN,AN
UNUSED_FS,taf,1946-02-28,unused-fs,0.0,0.0,0.0,,2,1946,AN,BN,AN,BN,AN,BN,BN,AN
UNUSED_FS,taf,1946-03-31,unused-fs,0.0,0.0,0.0,,3,1946,AN,D,AN,D,AN,D,BN,AN
UNUSED_FS,taf,1946-04-30,unused-fs,0.0,0.0,0.0,,4,1946,AN,BN,AN,BN,AN,BN,BN,AN
UNUSED_FS,taf,1946-05-31,unused-fs,11.819,2.849,15.207,,5,1946,BN,BN,BN,BN,BN,BN,BN,AN
UNUSED_FS,taf,1946-06-30,unused-fs,0.0,0.0,0.0,,6,1946,BN,BN,BN,BN,BN,BN,BN,AN
UNUSED_FS,taf,1946-07-31,unused-fs,0.0,0.0,0.0,,7,1946,BN,BN,BN,BN,BN,BN,BN,AN
UNUSED_FS,taf,1946-08-31,unused-fs,0.0,0.0,0.0,,8,1946,BN,BN,BN,BN,BN,BN,BN,AN
UNUSED_FS,taf,1946-09-30,unused-fs,34.078,10.571,28.134,,9,1946,BN,BN,BN,BN,BN,BN,BN,AN
UNUSED_FS,taf,1946-10-31,unused-fs,0.0,0.0,0.0,,10,1947,BN,BN,BN,BN,BN,BN,D,D
UNUSED_FS,taf,1946-11-30,unused-fs,0.0,0.0,0.0,,11,1947,BN,BN,BN,BN,BN,BN,D,D
UNUSED_FS,taf,1946-12-31,unused-fs,0.0,0.0,0.0,,12,1947,BN,BN,BN,BN,BN,BN,D,D
UNUSED_FS,taf,1947-01-31,unused-fs,0.0,0.0,0.0,,1,1947,BN,BN,BN,BN,BN,BN,D,D
UNUSED_FS,taf,1947-02-28,unused-fs,0.0,0.0,0.0,,2,1947,D,C,D,C,D,C,D,D
UNUSED_FS,taf,1947-03-31,unused-fs,0.0,0.0,0.0,,3,1947,D,C,D,C,D,C,D,D
UNUSED_FS,taf,1947-04-30,unused-fs,0.0,0.0,0.0,,4,1947,C,C,C,C,C,C,D,D
UNUSED_FS,taf,1947-05-31,unused-fs,0.0,2.6,11.72,,5,1947,C,C,C,C,C,C,D,D
UNUSED_FS,taf,1947-06-30,unused-fs,0.0,0.0,0.0,,6,1947,C,C,C,C,C,C,D,D
UNUSED_FS,taf,1947-07-31,unused-fs,0.0,0.0,0.0,,7,1947,C,C,C,C,C,C,D,D
UNUSED_FS,taf,1947-08-31,unused-fs,0.0,0.0,0.0,,8,1947,C,C,C,C,C,C,D,D
UNUSED_FS,taf,1947-09-30,unused-fs,0.0,0.0,0.0,,9,1947,C,C,C,C,C,C,D,D
UNUSED_FS,taf,1947-10-31,unused-fs,0.0,0.0,0.0,,10,1948,C,C,C,C,C,C,BN,BN
UNUSED_FS,taf,1947-11-30,unused-fs,0.0,0.0,0.0,,11,1948,C,C,C,C,C,C,BN,BN
UNUSED_FS,taf,1947-12-31,unused-fs,0.0,0.0,0.0,,12,1948,C,C,C,C,C,C,BN,BN
UNUSED_FS,taf,1948-01-31,unused-fs,0.0,0.0,0.0,,1,1948,C,C,C,C,C,C,BN,BN
UNUSED_FS,taf,1948-02-28,unused-fs,0.0,0.0,0.0,,2,1948,C,C,C,C,C,C,,
UNUSED_FS,taf,1948-03-31,unused-fs,0.0,0.0,0.0,,3,1948,C,C,C,C,C,C,BN,BN
UNUSED_FS,taf,1948-04-30,unused-fs,0.0,0.0,0.0,,4,1948,C,C,C,C,C,C,BN,BN
UNUSED_FS,taf,1948-05-31,unused-fs,0.0,0.0,0.0,,5,1948,BN,C,BN,C,BN,C,BN,BN
UNUSED_FS,taf,1948-06-30,unused-fs,23.1,14.493,5.154,,6,1948,BN,C,BN,C,BN,C,BN,BN
UNUSED_FS,taf,1948-07-31,unused-fs,0.0,0.0,0.0,,7,1948,BN,C,BN,C,BN,C,BN,BN
UNUSED_FS,taf,1948-08-31,unused-fs,0.0,0.0,0.0,,8,1948,BN,C,BN,C,BN,C,BN,BN
UNUSED_FS,taf,1948-09-30,unused-fs,27.523,21.087,22.278,,9,1948,BN,C,BN,C,BN,C,BN,BN
UNUSED_FS,taf,1948-10-31,unused-fs,0.0,0.0,0.0,,10,1949,BN,C,BN,C,BN,C,D,BN
UNUSED_FS,taf,1948-11-30,unused-fs,0.0,0.0,0.0,,11,1949,BN,C,BN,C,BN,C,D,BN
UNUSED_FS,taf,1948-12-31,unused-fs,0.0,0.0,0.0,,12,1949,BN,C,BN,C,BN,C,D,BN
UNUSED_FS,taf,1949-01-31,unused-fs,0.0,0.0,0.0,,1,1949,BN,C,BN,C,BN,C,D,BN
UNUSED_FS,taf,1949-02-28,unused-fs,0.0,0.0,0.0,,2,1949,C,C,C,C,C,C,D,BN
UNUSED_FS,taf,1949-03-31,unused-fs,0.0,0.0,0.0,,3,1949,C,C,C,C,C,C,D,BN
UNUSED_FS,taf,1949-04-30,unused-fs,0.0,0.0,0.0,,4,1949,D,C,D,C,D,C,D,BN
UNUSED_FS,taf,1949-05-31,unused-fs,0.0,0.0,0.0,,5,1949,D,C,D,C,D,C,D,BN
UNUSED_FS,taf,1949-06-30,unused-fs,0.0,0.0,0.0,,6,1949,D,C,D,C,D,C,D,BN
UNUSED_FS,taf,1949-07-31,unused-fs,0.0,0.0,0.0,,7,1949,D,C,D,C,D,C,D,BN
UNUSED_FS,taf,1949-08-31,unused-fs,2.168,8.841,70.634,,8,1949,D,C,D,C,D,C,D,BN
UNUSED_FS,taf,1949-09-30,unused-fs,20.801,16.805,26.112,,9,1949,D,C,D,C,D,C,D,BN
UNUSED_FS,taf,1949-10-31,unused-fs,0.0,0.0,0.0,,10,1950,D,C,D,C,D,C,BN,BN
UNUSED_FS,taf,1949-11-30,unused-fs,0.0,0.0,0.0,,11,1950,D,C,D,C,D,C,BN,BN
UNUSED_FS,taf,1949-12-31,unused-fs,0.0,0.0,0.0,,12,1950,D,C,D,C,D,C,BN,BN
UNUSED_FS,taf,1950-01-31,unused-fs,0.0,0.0,0.0,,1,1950,D,C,D,C,D,C,BN,BN
UNUSED_FS,taf,1950-02-28,unused-fs,0.0,0.0,0.0,,2,1950,D,C,D,C,D,C,BN,BN
UNUSED_FS,taf,1950-03-31,unused-fs,0.0,0.0,0.0,,3,1950,D,C,D,C,D,C,BN,BN
UNUSED_FS,taf,1950-04-30,unused-fs,0.0,0.0,0.0,,4,1950,D,D,D,D,D,D,BN,BN
UNUSED_FS,taf,1950-05-31,unused-fs,21.675,34.044,28.365,,5,1950,D,D,D,D,D,D,BN,BN
UNUSED_FS,taf,1950-06-30,unused-fs,10.637,7.987,4.641,,6,1950,D,D,D,D,D,D,BN,BN
UNUSED_FS,taf,1950-07-31,unused-fs,0.0,0.0,0.0,,7,1950,D,D,D,D,D,D,BN,BN
UNUSED_FS,taf,1950-08-31,unused-fs,0.0,0.0,0.0,,8,1950,D,D,D,D,D,D,BN,BN
UNUSED_FS,taf,1950-09-30,unused-fs,39.368,18.524,6.658,,9,1950,D,D,D,D,D,D,BN,BN
UNUSED_FS,taf,1950-10-31,unused-fs,0.0,0.0,0.0,,10,1951,D,D,D,D,D,D,AN,AN
UNUSED_FS,taf,1950-11-30,unused-fs,0.0,0.0,0.0,,11,1951,D,D,D,D,D,D,AN,AN
UNUSED_FS,taf,1950-12-31,unused-fs,0.0,0.0,0.0,,12,1951,D,D,D,D,D,D,AN,AN
UNUSED_FS,taf,1951-01-31,unused-fs,0.0,0.0,0.0,,1,1951,D,D,D,D,D,D,AN,AN
UNUSED_FS,taf,1951-02-28,unused-fs,0.0,0.0,0.0,,2,1951,W,BN,W,BN,W,BN,AN,AN
UNUSED_FS,taf,1951-03-31,unused-fs,0.0,0.0,0.0,,3,1951,W,BN,W,BN,W,BN,AN,AN
UNUSED_FS,taf,1951-04-30,unused-fs,0.0,0.0,0.0,,4,1951,W,BN,W,BN,W,BN,AN,AN
UNUSED_FS,taf,1951-05-31,unused-fs,0.0,0.0,0.0,,5,1951,W,BN,W,BN,W,BN,AN,AN
UNUSED_FS,taf,1951-06-30,unused-fs,0.0,0.0,0.0,,6,1951,W,BN,W,BN,W,BN,AN,AN
UNUSED_FS,taf,1951-07-31,unused-fs,0.0,0.0,0.0,,7,1951,W,BN,W,BN,W,BN,AN,AN
UNUSED_FS,taf,1951-08-31,unused-fs,0.0,0.0,0.0,,8,1951,W,BN,W,BN,W,BN,AN,AN
UNUSED_FS,taf,1951-09-30,unused-fs,0.0,0.0,3.036,,9,1951,W,BN,W,BN,W,BN,AN,AN
UNUSED_FS,taf,1951-10-31,unused-fs,0.0,0.0,0.0,,10,1952,W,BN,W,BN,W,BN,W,W
UNUSED_FS,taf,1951-11-30,unused-fs,0.0,0.0,0.0,,11,1952,W,BN,W,BN,W,BN,W,W
UNUSED_FS,taf,1951-12-31,unused-fs,0.0,0.0,0.0,,12,1952,W,BN,W,BN,W,BN,W,W
UNUSED_FS,taf,1952-01-31,unused-fs,0.0,0.0,0.0,,1,1952,W,BN,W,BN,W,BN,W,W
UNUSED_FS,taf,1952-02-28,unused-fs,0.0,0.0,0.0,,2,1952,W,W,W,W,W,W,,
UNUSED_FS,taf,1952-03-31,unused-fs,0.0,0.0,0.0,,3,1952,W,W,W,W,W,W,W,W
UNUSED_FS,taf,1952-04-30,unused-fs,86.493,83.651,34.628,,4,1952,W,W,W,W,W,W,W,W
UNUSED_FS,taf,1952-05-31,unused-fs,64.502,64.502,64.502,,5,1952,W,W,W,W,W,W,W,W
UNUSED_FS,taf,1952-06-30,unused-fs,0.0,0.0,0.0,,6,1952,W,W,W,W,W,W,W,W
UNUSED_FS,taf,1952-07-31,unused-fs,0.0,0.0,0.0,,7,1952,W,W,W,W,W,W,W,W
UNUSED_FS,taf,1952-08-31,unused-fs,322.55,247.512,239.024,,8,1952,W,W,W,W,W,W,W,W
UNUSED_FS,taf,1952-09-30,unused-fs,246.001,260.746,288.296,,9,1952,W,W,W,W,W,W,W,W
UNUSED_FS,taf,1952-10-31,unused-fs,142.005,130.893,71.847,,10,1953,W,W,W,W,W,W,W,BN
UNUSED_FS,taf,1952-11-30,unused-fs,119.753,58.335,0.0,,11,1953,W,W,W,W,W,W,W,BN
UNUSED_FS,taf,1952-12-31,unused-fs,0.0,0.0,0.0,,12,1953,W,W,W,W,W,W,W,BN
UNUSED_FS,taf,1953-01-31,unused-fs,0.0,0.0,0.0,,1,1953,W,W,W,W,W,W,W,BN
UNUSED_FS,taf,1953-02-28,unused-fs,0.0,0.0,0.0,,2,1953,W,BN,W,BN,W,BN,W,BN
UNUSED_FS,taf,1953-03-31,unused-fs,0.0,0.0,0.0,,3,1953,AN,D,AN,D,AN,D,W,BN
UNUSED_FS,taf,1953-04-30,unused-fs,0.0,0.0,0.0,,4,1953,AN,D,AN,D,AN,D,W,BN
UNUSED_FS,taf,1953-05-31,unused-fs,0.0,0.0,0.0,,5,1953,AN,BN,AN,BN,AN,BN,W,BN
UNUSED_FS,taf,1953-06-30,unused-fs,0.0,0.0,0.0,,6,1953,AN,BN,AN,BN,AN,BN,W,BN
UNUSED_FS,taf,1953-07-31,unused-fs,0.0,0.0,0.0,,7,1953,AN,BN,AN,BN,AN,BN,W,BN
UNUSED_FS,taf,1953-08-31,unused-fs,0.0,0.0,0.0,,8,1953,AN,BN,AN,BN,AN,BN,W,BN
UNUSED_FS,taf,1953-09-30,unused-fs,113.535,40.345,37.699,,9,1953,AN,BN,AN,BN,AN,BN,W,BN
UNUSED_FS,taf,1953-10-31,unused-fs,49.216,39.341,0.0,,10,1954,AN,BN,AN,BN,AN,BN,AN,BN
UNUSED_FS,taf,1953-11-30,unused-fs,22.534,11.018,0.0,,11,1954,AN,BN,AN,BN,AN,BN,AN,BN
UNUSED_FS,taf,1953-12-31,unused-fs,0.0,0.0,0.0,,12,1954,AN,BN,AN,BN,AN,BN,AN,BN
UNUSED_FS,taf,1954-01-31,unused-fs,0.0,0.0,0.0,,1,1954,AN,BN,AN,BN,AN,BN,AN,BN
UNUSED_FS,taf,1954-02-28,unused-fs,0.0,0.0,0.0,,2,1954,BN,C,BN,C,BN,C,AN,BN
UNUSED_FS,taf,1954-03-31,unused-fs,0.0,0.0,0.0,,3,1954,BN,C,BN,C,BN,C,AN,BN
UNUSED_FS,taf,1954-04-30,unused-fs,0.0,0.0,0.0,,4,1954,AN,D,AN,D,AN,D,AN,BN
UNUSED_FS,taf,1954-05-31,unused-fs,0.0,0.0,0.0,,5,1954,AN,D,AN,D,AN,D,AN,BN
UNUSED_FS,taf,1954-06-30,unused-fs,0.0,0.0,0.0,,6,1954,AN,D,AN,D,AN,D,AN,BN
UNUSED_FS,taf,1954-07-31,unused-fs,0.0,0.0,0.0,,7,1954,AN,D,AN,D,AN,D,AN,BN
UNUSED_FS,taf,1954-08-31,unused-fs,0.0,0.0,0.0,,8,1954,AN,D,AN,D,AN,D,AN,BN
UNUSED_FS,taf,1954-09-30,unused-fs,32.713,21.379,36.528,,9,1954,AN,D,AN,D,AN,D,AN,BN
UNUSED_FS,taf,1954-10-31,unused-fs,0.0,0.0,0.0,,10,1955,AN,D,AN,D,AN,D,D,D
UNUSED_FS,taf,1954-11-30,unused-fs,0.0,0.0,0.0,,11,1955,AN,D,AN,D,AN,D,D,D
UNUSED_FS,taf,1954-12-31,unused-fs,0.0,0.0,0.0,,12,1955,AN,D,AN,D,AN,D,D,D
UNUSED_FS,taf,1955-01-31,unused-fs,0.0,0.0,0.0,,1,1955,AN,D,AN,D,AN,D,D,D
UNUSED_FS,taf,1955-02-28,unused-fs,0.0,0.212,0.0,,2,1955,BN,D,BN,D,BN,D,D,D
UNUSED_FS,taf,1955-03-31,unused-fs,0.0,0.0,0.0,,3,1955,D,C,D,C,D,C,D,D
UNUSED_FS,taf,1955-04-30,unused-fs,0.0,0.0,0.0,,4,1955,D,C,D,C,D,C,D,D
UNUSED_FS,taf,1955-05-31,unused-fs,0.0,0.0,0.0,,5,1955,D,C,D,C,D,C,D,D
UNUSED_FS,taf,1955-06-30,unused-fs,0.0,0.0,0.0,,6,1955,D,C,D,C,D,C,D,D
UNUSED_FS,taf,1955-07-31,unused-fs,0.0,0.0,0.0,,7,1955,D,C,D,C,D,C,D,D
UNUSED_FS,taf,1955-08-31,unused-fs,0.0,0.0,0.0,,8,1955,D,C,D,C,D,C,D,D
UNUSED_FS,taf,1955-09-30,unused-fs,0.0,0.0,0.0,,9,1955,D,C,D,C,D,C,D,D
UNUSED_FS,taf,1955-10-31,unused-fs,0.0,0.0,0.0,,10,1956,D,C,D,C,D,C,W,W
UNUSED_FS,taf,1955-11-30,unused-fs,0.0,0.0,0.0,,11,1956,D,C,D,C,D,C,W,W
UNUSED_FS,taf,1955-12-31,unused-fs,0.0,0.0,0.0,,12,1956,D,C,D,C,D,C,W,W
UNUSED_FS,taf,1956-01-31,unused-fs,0.0,0.0,0.0,,1,1956,D,C,D,C,D,C,W,W
UNUSED_FS,taf,1956-02-28,unused-fs,0.0,0.0,0.0,,2,1956,W,W,W,W,W,W,,
UNUSED_FS,taf,1956-03-31,unused-fs,0.0,0.0,0.0,,3,1956,W,W,W,W,W,W,W,W
UNUSED_FS,taf,1956-04-30,unused-fs,0.0,0.0,0.593,,4,1956,W,AN,W,AN,W,AN,W,W
UNUSED_FS,taf,1956-05-31,unused-fs,42.849,46.297,36.005,,5,1956,W,W,W,W,W,W,W,W
UNUSED_FS,taf,1956-06-30,unused-fs,14.172,8.104,13.139,,6,1956,W,W,W,W,W,W,W,W
UNUSED_FS,taf,1956-07-31,unused-fs,0.0,0.0,0.0,,7,1956,W,W,W,W,W,W,W,W
UNUSED_FS,taf,1956-08-31,unused-fs,9.851,7.358,19.624,,8,1956,W,W,W,W,W,W,W,W
UNUSED_FS,taf,1956-09-30,unused-fs,125.222,100.592,102.147,,9,1956,W,W,W,W,W,W,W,W
UNUSED_FS,taf,1956-10-31,unused-fs,127.085,84.856,6.533,,10,1957,W,W,W,W,W,W,AN,BN
UNUSED_FS,taf,1956-11-30,unused-fs,0.0,0.0,0.0,,11,1957,W,W,W,W,W,W,AN,BN
UNUSED_FS,taf,1956-12-31,unused-fs,0.0,0.0,0.0,,12,1957,W,W,W,W,W,W,AN,BN
UNUSED_FS,taf,1957-01-31,unused-fs,0.0,0.0,0.0,,1,1957,W,W,W,W,W,W,AN,BN
UNUSED_FS,taf,1957-02-28,unused-fs,0.0,0.0,0.0,,2,1957,BN,C,BN,C,BN,C,AN,BN
UNUSED_FS,taf,1957-03-31,unused-fs,0.0,0.0,0.0,,3,1957,BN,C,BN,C,BN,C,AN,BN
UNUSED_FS,taf,1957-04-30,unused-fs,0.0,0.0,0.0,,4,1957,BN,D,BN,D,BN,D,AN,BN
UNUSED_FS,taf,1957-05-31,unused-fs,0.0,0.0,0.0,,5,1957,BN,D,BN,D,BN,D,AN,BN
UNUSED_FS,taf,1957-06-30,unused-fs,0.0,0.0,0.0,,6,1957,BN,D,BN,D,BN,D,AN,BN
UNUSED_FS,taf,1957-07-31,unused-fs,0.0,0.0,0.0,,7,1957,BN,D,BN,D,BN,D,AN,BN
UNUSED_FS,taf,1957-08-31,unused-fs,0.0,0.0,0.0,,8,1957,BN,D,BN,D,BN,D,AN,BN
UNUSED_FS,taf,1957-09-30,unused-fs,2.884,0.0,16.344,,9,1957,BN,D,BN,D,BN,D,AN,BN
UNUSED_FS,taf,1957-10-31,unused-fs,36.24,32.681,55.72,,10,1958,BN,D,BN,D,BN,D,W,W
UNUSED_FS,taf,1957-11-30,unused-fs,104.095,77.026,46.361,,11,1958,BN,D,BN,D,BN,D,W,W
UNUSED_FS,taf,1957-12-31,unused-fs,0.0,0.0,0.0,,12,1958,BN,D,BN,D,BN,D,W,W
UNUSED_FS,taf,1958-01-31,unused-fs,0.0,0.0,0.0,,1,1958,BN,D,BN,D,BN,D,W,W
UNUSED_FS,taf,1958-02-28,unused-fs,0.0,0.0,0.0,,2,1958,AN,C,AN,C,AN,C,W,W
UNUSED_FS,taf,1958-03-31,unused-fs,0.0,0.0,0.0,,3,1958,W,D,W,D,W,D,W,W
UNUSED_FS,taf,1958-04-30,unused-fs,106.399,106.334,103.634,,4,1958,W,AN,W,AN,W,AN,W,W
UNUSED_FS,taf,1958-05-31,unused-fs,64.502,104.087,61.355,,5,1958,W,W,W,W,W,W,W,W
UNUSED_FS,taf,1958-06-30,unused-fs,6.586,24.424,7.831,,6,1958,W,W,W,W,W,W,W,W
UNUSED_FS,taf,1958-07-31,unused-fs,0.0,0.0,0.0,,7,1958,W,W,W,W,W,W,W,W
UNUSED_FS,taf,1958-08-31,unused-fs,231.749,156.672,175.638,,8,1958,W,W,W,W,W,W,W,W
UNUSED_FS,taf,1958-09-30,unused-fs,252.722,260.407,270.28,,9,1958,W,W,W,W,W,W,W,W
UNUSED_FS,taf,1958-10-31,unused-fs,216.212,206.013,190.801,,10,1959,W,W,W,W,W,W,BN,D
UNUSED_FS,taf,1958-11-30,unused-fs,35.954,30.416,17.213,,11,1959,W,W,W,W,W,W,BN,D
UNUSED_FS,taf,1958-12-31,unused-fs,0.0,0.0,0.0,,12,1959,W,W,W,W,W,W,BN,D
UNUSED_FS,taf,1959-01-31,unused-fs,0.0,0.0,0.0,,1,1959,W,W,W,W,W,W,BN,D
UNUSED_FS,taf,1959-02-28,unused-fs,0.0,0.0,0.0,,2,1959,BN,C,BN,C,BN,C,BN,D
UNUSED_FS,taf,1959-03-31,unused-fs,0.0,0.0,0.0,,3,1959,BN,D,BN,D,BN,D,BN,D
UNUSED_FS,taf,1959-04-30,unused-fs,0.0,0.0,0.0,,4,1959,BN,C,BN,C,BN,C,BN,D
UNUSED_FS,taf,1959-05-31,unused-fs,0.0,0.0,0.0,,5,1959,BN,C,BN,C,BN,C,BN,D
UNUSED_FS,taf,1959-06-30,unused-fs,0.0,0.0,0.0,,6,1959,BN,C,BN,C,BN,C,BN,D
UNUSED_FS,taf,1959-07-31,unused-fs,0.0,0.0,0.0,,7,1959,BN,C,BN,C,BN,C,BN,D
UNUSED_FS,taf,1959-08-31,unused-fs,0.0,0.0,0.0,,8,1959,BN,C,BN,C,BN,C,BN,D
UNUSED_FS,taf,1959-09-30,unused-fs,63.757,43.3,73.482,,9,1959,BN,C,BN,C,BN,C,BN,D
UNUSED_FS,taf,1959-10-31,unused-fs,0.0,0.0,0.0,,10,1960,BN,C,BN,C,BN,C,D,C
UNUSED_FS,taf,1959-11-30,unused-fs,0.0,0.0,0.0,,11,1960,BN,C,BN,C,BN,C,D,C
UNUSED_FS,taf,1959-12-31,unused-fs,0.0,0.0,0.0,,12,1960,BN,C,BN,C,BN,C,D,C
UNUSED_FS,taf,1960-01-31,unused-fs,0.0,0.0,0.0,,1,1960,BN,C,BN,C,BN,C,D,C
UNUSED_FS,taf,1960-02-28,unused-fs,0.0,0.0,0.0,,2,1960,C,C,C,C,C,C,,
UNUSED_FS,taf,1960-03-31,unused-fs,0.0,0.0,0.0,,3,1960,D,C,D,C,D,C,D,C
UNUSED_FS,taf,1960-04-30,unused-fs,0.0,0.0,0.0,,4,1960,D,C,D,C,D,C,D,C
UNUSED_FS,taf,1960-05-31,unused-fs,0.0,0.0,0.0,,5,1960,D,C,D,C,D,C,D,C
UNUSED_FS,taf,1960-06-30,unused-fs,0.0,0.0,0.0,,6,1960,D,C,D,C,D,C,D,C
UNUSED_FS,taf,1960-07-31,unused-fs,0.0,0.0,0.0,,7,1960,D,C,D,C,D,C,D,C
UNUSED_FS,taf,1960-08-31,unused-fs,0.0,0.0,0.0,,8,1960,D,C,D,C,D,C,D,C
UNUSED_FS,taf,1960-09-30,unused-fs,0.0,0.0,0.0,,9,1960,D,C,D,C,D,C,D,C
UNUSED_FS,taf,1960-10-31,unused-fs,0.0,0.0,0.0,,10,1961,D,C,D,C,D,C,D,C
UNUSED_FS,taf,1960-11-30,unused-fs,0.227,0.0,0.0,,11,1961,D,C,D,C,D,C,D,C
UNUSED_FS,taf,1960-12-31,unused-fs,0.0,0.0,0.0,,12,1961,D,C,D,C,D,C,D,C
UNUSED_FS,taf,1961-01-31,unused-fs,0.0,0.0,0.0,,1,1961,D,C,D,C,D,C,D,C
UNUSED_FS,taf,1961-02-28,unused-fs,0.0,0.0,0.0,,2,1961,D,C,D,C,D,C,D,C
UNUSED_FS,taf,1961-03-31,unused-fs,0.0,0.0,0.0,,3,1961,D,C,D,C,D,C,D,C
UNUSED_FS,taf,1961-04-30,unused-fs,0.0,0.0,0.0,,4,1961,D,C,D,C,D,C,D,C
UNUSED_FS,taf,1961-05-31,unused-fs,0.0,0.0,0.0,,5,1961,D,C,D,C,D,C,D,C
UNUSED_FS,taf,1961-06-30,unused-fs,0.0,0.0,0.0,,6,1961,D,C,D,C,D,C,D,C
UNUSED_FS,taf,1961-07-31,unused-fs,0.0,0.0,0.0,,7,1961,D,C,D,C,D,C,D,C
UNUSED_FS,taf,1961-08-31,unused-fs,0.0,0.0,0.0,,8,1961,D,C,D,C,D,C,D,C
UNUSED_FS,taf,1961-09-30,unused-fs,0.0,0.0,0.0,,9,1961,D,C,D,C,D,C,D,C
UNUSED_FS,taf,1961-10-31,unused-fs,0.0,0.0,0.0,,10,1962,D,C,D,C,D,C,BN,BN
UNUSED_FS,taf,1961-11-30,unused-fs,0.0,0.0,0.0,,11,1962,D,C,D,C,D,C,BN,BN
UNUSED_FS,taf,1961-12-31,unused-fs,0.0,0.0,0.0,,12,1962,D,C,D,C,D,C,BN,BN
UNUSED_FS,taf,1962-01-31,unused-fs,0.0,0.0,0.0,,1,1962,D,C,D,C,D,C,BN,BN
UNUSED_FS,taf,1962-02-28,unused-fs,0.0,0.0,0.0,,2,1962,D,C,D,C,D,C,BN,BN
UNUSED_FS,taf,1962-03-31,unused-fs,0.0,0.0,0.0,,3,1962,BN,D,BN,D,BN,D,BN,BN
UNUSED_FS,taf,1962-04-30,unused-fs,0.0,0.0,0.0,,4,1962,BN,BN,BN,BN,BN,BN,BN,BN
UNUSED_FS,taf,1962-05-31,unused-fs,3.255,24.088,3.155,,5,1962,BN,BN,BN,BN,BN,BN,BN,BN
UNUSED_FS,taf,1962-06-30,unused-fs,0.0,0.0,0.0,,6,1962,BN,BN,BN,BN,BN,BN,BN,BN
UNUSED_FS,taf,1962-07-31,unused-fs,0.0,0.0,0.0,,7,1962,BN,BN,BN,BN,BN,BN,BN,BN
UNUSED_FS,taf,1962-08-31,unused-fs,0.0,0.0,0.0,,8,1962,BN,BN,BN,BN,BN,BN,BN,BN
UNUSED_FS,taf,1962-09-30,unused-fs,0.0,0.0,0.0,,9,1962,BN,BN,BN,BN,BN,BN,BN,BN
UNUSED_FS,taf,1962-10-31,unused-fs,0.0,0.0,0.0,,10,1963,BN,BN,BN,BN,BN,BN,W,AN
UNUSED_FS,taf,1962-11-30,unused-fs,98.703,102.597,54.825,,11,1963,BN,BN,BN,BN,BN,BN,W,AN
UNUSED_FS,taf,1962-12-31,unused-fs,0.0,0.0,0.0,,12,1963,BN,BN,BN,BN,BN,BN,W,AN
UNUSED_FS,taf,1963-01-31,unused-fs,0.0,0.0,0.0,,1,1963,BN,BN,BN,BN,BN,BN,W,AN
UNUSED_FS,taf,1963-02-28,unused-fs,0.0,0.0,0.0,,2,1963,AN,C,AN,C,AN,C,W,AN
UNUSED_FS,taf,1963-03-31,unused-fs,0.0,0.0,0.0,,3,1963,BN,D,BN,D,BN,D,W,AN
UNUSED_FS,taf,1963-04-30,unused-fs,0.0,0.0,0.0,,4,1963,AN,D,AN,D,AN,D,W,AN
UNUSED_FS,taf,1963-05-31,unused-fs,0.0,0.0,0.0,,5,1963,W,AN,W,AN,W,AN,W,AN
UNUSED_FS,taf,1963-06-30,unused-fs,21.991,16.202,0.0,,6,1963,W,AN,W,AN,W,AN,W,AN
UNUSED_FS,taf,1963-07-31,unused-fs,0.0,0.0,0.0,,7,1963,W,AN,W,AN,W,AN,W,AN
UNUSED_FS,taf,1963-08-31,unused-fs,5.784,0.0,19.527,,8,1963,W,AN,W,AN,W,AN,W,AN
UNUSED_FS,taf,1963-09-30,unused-fs,71.703,59.916,82.261,,9,1963,W,AN,W,AN,W,AN,W,AN
UNUSED_FS,taf,1963-10-31,unused-fs,185.914,125.755,125.274,,10,1964,W,AN,W,AN,W,AN,D,D
UNUSED_FS,taf,1963-11-30,unused-fs,38.939,0.0,48.85,,11,1964,W,AN,W,AN,W,AN,D,D
UNUSED_FS,taf,1963-12-31,unused-fs,21.041,34.138,6.467,,12,1964,W,AN,W,AN,W,AN,D,D
UNUSED_FS,taf,1964-01-31,unused-fs,0.0,0.0,0.0,,1,1964,W,AN,W,AN,W,AN,D,D
UNUSED_FS,taf,1964-02-28,unused-fs,0.0,0.0,0.0,,2,1964,BN,C,BN,C,BN,C,,
UNUSED_FS,taf,1964-03-31,unused-fs,0.0,0.0,0.0,,3,1964,BN,C,BN,C,BN,C,D,D
UNUSED_FS,taf,1964-04-30,unused-fs,0.0,0.0,0.0,,4,1964,D,C,D,C,D,C,D,D
UNUSED_FS,taf,1964-05-31,unused-fs,0.0,0.0,0.0,,5,1964,D,C,D,C,D,C,D,D
UNUSED_FS,taf,1964-06-30,unused-fs,0.0,0.0,0.0,,6,1964,D,C,D,C,D,C,D,D
UNUSED_FS,taf,1964-07-31,unused-fs,0.0,0.0,0.0,,7,1964,D,C,D,C,D,C,D,D
UNUSED_FS,taf,1964-08-31,unused-fs,0.0,0.0,0.0,,8,1964,D,C,D,C,D,C,D,D
UNUSED_FS,taf,1964-09-30,unused-fs,2.842,0.0,7.487,,9,1964,D,C,D,C,D,C,D,D
UNUSED_FS,taf,1964-10-31,unused-fs,0.0,0.0,0.0,,10,1965,D,C,D,C,D,C,W,W
UNUSED_FS,taf,1964-11-30,unused-fs,0.0,0.0,0.0,,11,1965,D,C,D,C,D,C,W,W
UNUSED_FS,taf,1964-12-31,unused-fs,0.0,0.0,0.0,,12,1965,D,C,D,C,D,C,W,W
UNUSED_FS,taf,1965-01-31,unused-fs,0.0,0.0,0.0,,1,1965,D,C,D,C,D,C,W,W
UNUSED_FS,taf,1965-02-28,unused-fs,0.0,0.0,0.0,,2,1965,W,AN,W,AN,W,AN,W,W
UNUSED_FS,taf,1965-03-31,unused-fs,0.0,0.0,0.0,,3,1965,W,AN,W,AN,W,AN,W,W
UNUSED_FS,taf,1965-04-30,unused-fs,10.562,0.0,7.655,,4,1965,W,AN,W,AN,W,AN,W,W
UNUSED_FS,taf,1965-05-31,unused-fs,0.0,0.0,0.0,,5,1965,W,AN,W,AN,W,AN,W,W
UNUSED_FS,taf,1965-06-30,unused-fs,38.612,30.104,31.11,,6,1965,W,AN,W,AN,W,AN,W,W
UNUSED_FS,taf,1965-07-31,unused-fs,0.0,0.0,0.0,,7,1965,W,AN,W,AN,W,AN,W,W
UNUSED_FS,taf,1965-08-31,unused-fs,28.78,10.993,20.909,,8,1965,W,AN,W,AN,W,AN,W,W
UNUSED_FS,taf,1965-09-30,unused-fs,91.623,114.784,80.292,,9,1965,W,AN,W,AN,W,AN,W,W
UNUSED_FS,taf,1965-10-31,unused-fs,0.0,0.0,0.0,,10,1966,W,AN,W,AN,W,AN,BN,BN
UNUSED_FS,taf,1965-11-30,unused-fs,0.0,0.0,0.0,,11,1966,W,AN,W,AN,W,AN,BN,BN
UNUSED_FS,taf,1965-12-31,unused-fs,54.3,51.982,40.592,,12,1966,W,AN,W,AN,W,AN,BN,BN
UNUSED_FS,taf,1966-01-31,unused-fs,0.0,0.0,0.0,,1,1966,W,AN,W,AN,W,AN,BN,BN
UNUSED_FS,taf,1966-02-28,unused-fs,0.0,0.0,0.0,,2,1966,AN,BN,AN,BN,AN,BN,BN,BN
UNUSED_FS,taf,1966-03-31,unused-fs,0.0,0.0,0.0,,3,1966,BN,D,BN,D,BN,D,BN,BN
UNUSED_FS,taf,1966-04-30,unused-fs,0.0,0.0,0.0,,4,1966,BN,D,BN,D,BN,D,BN,BN
UNUSED_FS,taf,1966-05-31,unused-fs,17.607,10.144,32.617,,5,1966,BN,D,BN,D,BN,D,BN,BN
UNUSED_FS,taf,1966-06-30,unused-fs,0.0,0.0,0.0,,6,1966,BN,D,BN,D,BN,D,BN,BN
UNUSED_FS,taf,1966-07-31,unused-fs,0.0,0.0,0.0,,7,1966,BN,D,BN,D,BN,D,BN,BN
UNUSED_FS,taf,1966-08-31,unused-fs,0.0,0.0,0.0,,8,1966,BN,D,BN,D,BN,D,BN,BN
UNUSED_FS,taf,1966-09-30,unused-fs,0.0,0.0,0.0,,9,1966,BN,D,BN,D,BN,D,BN,BN
UNUSED_FS,taf,1966-10-31,unused-fs,0.0,0.0,0.0,,10,1967,BN,D,BN,D,BN,D,W,W
UNUSED_FS,taf,1966-11-30,unused-fs,0.0,0.0,0.0,,11,1967,BN,D,BN,D,BN,D,W,W
UNUSED_FS,taf,1966-12-31,unused-fs,0.0,0.0,0.0,,12,1967,BN,D,BN,D,BN,D,W,W
UNUSED_FS,taf,1967-01-31,unused-fs,0.0,0.0,0.0,,1,1967,BN,D,BN,D,BN,D,W,W
UNUSED_FS,taf,1967-02-28,unused-fs,0.0,0.0,0.0,,2,1967,AN,BN,AN,BN,AN,BN,W,W
UNUSED_FS,taf,1967-03-31,unused-fs,0.0,0.0,0.0,,3,1967,AN,D,AN,D,AN,D,W,W
UNUSED_FS,taf,1967-04-30,unused-fs,83.973,79.959,87.04,,4,1967,AN,AN,AN,AN,AN,AN,W,W
UNUSED_FS,taf,1967-05-31,unused-fs,30.931,34.454,37.825,,5,1967,W,W,W,W,W,W,W,W
UNUSED_FS,taf,1967-06-30,unused-fs,0.0,0.0,0.0,,6,1967,W,W,W,W,W,W,W,W
UNUSED_FS,taf,1967-07-31,unused-fs,0.0,0.0,0.0,,7,1967,W,W,W,W,W,W,W,W
UNUSED_FS,taf,1967-08-31,unused-fs,257.729,208.37,229.235,,8,1967,W,W,W,W,W,W,W,W
UNUSED_FS,taf,1967-09-30,unused-fs,278.043,286.214,294.637,,9,1967,W,W,W,W,W,W,W,W
UNUSED_FS,taf,1967-10-31,unused-fs,177.095,159.037,156.211,,10,1968,W,W,W,W,W,W,BN,D
UNUSED_FS,taf,1967-11-30,unused-fs,26.969,28.804,0.0,,11,1968,W,W,W,W,W,W,BN,D
UNUSED_FS,taf,1967-12-31,unused-fs,0.0,0.0,0.0,,12,1968,W,W,W,W,W,W,BN,D
UNUSED_FS,taf,1968-01-31,unused-fs,0.0,0.0,0.0,,1,1968,W,W,W,W,W,W,BN,D
UNUSED_FS,taf,1968-02-28,unused-fs,0.0,0.0,0.0,,2,1968,BN,D,BN,D,BN,D,,
UNUSED_FS,taf,1968-03-31,unused-fs,0.0,0.0,0.0,,3,1968,BN,D,BN,D,BN,D,BN,D
UNUSED_FS,taf,1968-04-30,unused-fs,0.0,0.0,0.0,,4,1968,BN,C,BN,C,BN,C,BN,D
UNUSED_FS,taf,1968-05-31,unused-fs,0.0,0.0,0.0,,5,1968,BN,C,BN,C,BN,C,BN,D
UNUSED_FS,taf,1968-06-30,unused-fs,0.0,0.0,0.0,,6,1968,BN,C,BN,C,BN,C,BN,D
UNUSED_FS,taf,1968-07-31,unused-fs,0.0,0.0,0.0,,7,1968,BN,C,BN,C,BN,C,BN,D
UNUSED_FS,taf,1968-08-31,unused-fs,0.0,0.0,0.0,,8,1968,BN,C,BN,C,BN,C,BN,D
UNUSED_FS,taf,1968-09-30,unused-fs,0.0,0.0,0.0,,9,1968,BN,C,BN,C,BN,C,BN,D
UNUSED_FS,taf,1968-10-31,unused-fs,0.0,0.0,0.0,,10,1969,BN,C,BN,C,BN,C,W,W
UNUSED_FS,taf,1968-11-30,unused-fs,0.0,0.0,0.0,,11,1969,BN,C,BN,C,BN,C,W,W
UNUSED_FS,taf,1968-12-31,unused-fs,0.0,0.0,0.0,,12,1969,BN,C,BN,C,BN,C,W,W
UNUSED_FS,taf,1969-01-31,unused-fs,0.0,0.0,0.0,,1,1969,BN,C,BN,C,BN,C,W,W
UNUSED_FS,taf,1969-02-28,unused-fs,0.0,0.0,0.0,,2,1969,W,W,W,W,W,W,W,W
UNUSED_FS,taf,1969-03-31,unused-fs,0.0,0.0,0.0,,3,1969,W,W,W,W,W,W,W,W
UNUSED_FS,taf,1969-04-30,unused-fs,47.677,48.776,89.972,,4,1969,W,W,W,W,W,W,W,W
UNUSED_FS,taf,1969-05-31,unused-fs,29.268,32.345,34.114,,5,1969,W,W,W,W,W,W,W,W
UNUSED_FS,taf,1969-06-30,unused-fs,53.307,58.521,47.955,,6,1969,W,W,W,W,W,W,W,W
UNUSED_FS,taf,1969-07-31,unused-fs,0.0,0.0,0.0,,7,1969,W,W,W,W,W,W,W,W
UNUSED_FS,taf,1969-08-31,unused-fs,45.677,36.811,44.914,,8,1969,W,W,W,W,W,W,W,W
UNUSED_FS,taf,1969-09-30,unused-fs,243.617,249.522,263.643,,9,1969,W,W,W,W,W,W,W,W
UNUSED_FS,taf,1969-10-31,unused-fs,176.939,183.735,210.444,,10,1970,W,W,W,W,W,W,W,AN
UNUSED_FS,taf,1969-11-30,unused-fs,102.504,98.903,90.049,,11,1970,W,W,W,W,W,W,W,AN
UNUSED_FS,taf,1969-12-31,unused-fs,0.0,0.0,0.0,,12,1970,W,W,W,W,W,W,W,AN
UNUSED_FS,taf,1970-01-31,unused-fs,0.0,0.0,0.0,,1,1970,W,W,W,W,W,W,W,AN
UNUSED_FS,taf,1970-02-28,unused-fs,0.0,0.0,0.0,,2,1970,W,AN,W,AN,W,AN,W,AN
UNUSED_FS,taf,1970-03-31,unused-fs,0.0,0.0,0.0,,3,1970,W,AN,W,AN,W,AN,W,AN
UNUSED_FS,taf,1970-04-30,unused-fs,0.0,0.0,0.0,,4,1970,W,AN,W,AN,W,AN,W,AN
UNUSED_FS,taf,1970-05-31,unused-fs,32.272,56.839,15.398,,5,1970,W,BN,W,BN,W,BN,W,AN
UNUSED_FS,taf,1970-06-30,unused-fs,0.0,0.0,0.0,,6,1970,W,BN,W,BN,W,BN,W,AN
UNUSED_FS,taf,1970-07-31,unused-fs,0.0,0.0,0.0,,7,1970,W,BN,W,BN,W,BN,W,AN
UNUSED_FS,taf,1970-08-31,unused-fs,0.0,0.0,0.0,,8,1970,W,BN,W,BN,W,BN,W,AN
UNUSED_FS,taf,1970-09-30,unused-fs,0.0,0.0,0.0,,9,1970,W,BN,W,BN,W,BN,W,AN
UNUSED_FS,taf,1970-10-31,unused-fs,0.0,0.0,0.0,,10,1971,W,BN,W,BN,W,BN,W,BN
UNUSED_FS,taf,1970-11-30,unused-fs,0.0,0.0,0.0,,11,1971,W,BN,W,BN,W,BN,W,BN
UNUSED_FS,taf,1970-12-31,unused-fs,0.0,0.0,0.0,,12,1971,W,BN,W,BN,W,BN,W,BN
UNUSED_FS,taf,1971-01-31,unused-fs,0.0,0.0,0.0,,1,1971,W,BN,W,BN,W,BN,W,BN
UNUSED_FS,taf,1971-02-28,unused-fs,0.0,0.0,0.0,,2,1971,W,BN,W,BN,W,BN,W,BN
UNUSED_FS,taf,1971-03-31,unused-fs,0.0,0.0,0.0,,3,1971,W,D,W,D,W,D,W,BN
UNUSED_FS,taf,1971-04-30,unused-fs,0.0,0.0,0.0,,4,1971,W,D,W,D,W,D,W,BN
UNUSED_FS,taf,1971-05-31,unused-fs,0.0,0.0,0.0,,5,1971,W,D,W,D,W,D,W,BN
UNUSED_FS,taf,1971-06-30,unused-fs,0.0,0.0,0.0,,6,1971,W,D,W,D,W,D,W,BN
UNUSED_FS,taf,1971-07-31,unused-fs,0.0,0.0,0.0,,7,1971,W,D,W,D,W,D,W,BN
UNUSED_FS,taf,1971-08-31,unused-fs,0.0,0.0,0.0,,8,1971,W,D,W,D,W,D,W,BN
UNUSED_FS,taf,1971-09-30,unused-fs,1.851,0.0,1.711,,9,1971,W,D,W,D,W,D,W,BN
UNUSED_FS,taf,1971-10-31,unused-fs,7.321,0.0,0.141,,10,1972,W,D,W,D,W,D,BN,D
UNUSED_FS,taf,1971-11-30,unused-fs,8.175,0.0,0.0,,11,1972,W,D,W,D,W,D,BN,D
UNUSED_FS,taf,1971-12-31,unused-fs,0.0,0.0,0.0,,12,1972,W,D,W,D,W,D,BN,D
UNUSED_FS,taf,1972-01-31,unused-fs,0.0,0.0,0.0,,1,1972,W,D,W,D,W,D,BN,D
UNUSED_FS,taf,1972-02-28,unused-fs,0.0,0.0,0.0,,2,1972,BN,D,BN,D,BN,D,,
UNUSED_FS,taf,1972-03-31,unused-fs,0.0,0.0,0.0,,3,1972,BN,C,BN,C,BN,C,BN,D
UNUSED_FS,taf,1972-04-30,unused-fs,0.0,0.0,0.0,,4,1972,BN,C,BN,C,BN,C,BN,D
UNUSED_FS,taf,1972-05-31,unused-fs,9.77,22.697,0.0,,5,1972,BN,C,BN,C,BN,C,BN,D
UNUSED_FS,taf,1972-06-30,unused-fs,0.0,0.0,0.0,,6,1972,BN,C,BN,C,BN,C,BN,D
UNUSED_FS,taf,1972-07-31,unused-fs,0.0,0.0,0.0,,7,1972,BN,C,BN,C,BN,C,BN,D
UNUSED_FS,taf,1972-08-31,unused-fs,0.0,0.0,0.0,,8,1972,BN,C,BN,C,BN,C,BN,D
UNUSED_FS,taf,1972-09-30,unused-fs,17.25,4.179,0.0,,9,1972,BN,C,BN,C,BN,C,BN,D
UNUSED_FS,taf,1972-10-31,unused-fs,0.0,0.0,0.0,,10,1973,BN,C,BN,C,BN,C,AN,AN
UNUSED_FS,taf,1972-11-30,unused-fs,0.0,0.0,0.0,,11,1973,BN,C,BN,C,BN,C,AN,AN
UNUSED_FS,taf,1972-12-31,unused-fs,0.0,0.0,0.0,,12,1973,BN,C,BN,C,BN,C,AN,AN
UNUSED_FS,taf,1973-01-31,unused-fs,0.0,0.0,0.0,,1,1973,BN,C,BN,C,BN,C,AN,AN
UNUSED_FS,taf,1973-02-28,unused-fs,0.0,0.0,0.0,,2,1973,AN,D,AN,D,AN,D,AN,AN
UNUSED_FS,taf,1973-03-31,unused-fs,0.0,0.0,0.0,,3,1973,AN,BN,AN,BN,AN,BN,AN,AN
UNUSED_FS,taf,1973-04-30,unused-fs,0.0,0.0,0.0,,4,1973,AN,AN,AN,AN,AN,AN,AN,AN
UNUSED_FS,taf,1973-05-31,unused-fs,0.0,0.0,0.0,,5,1973,AN,AN,AN,AN,AN,AN,AN,AN
UNUSED_FS,taf,1973-06-30,unused-fs,0.0,0.0,0.0,,6,1973,AN,AN,AN,AN,AN,AN,AN,AN
UNUSED_FS,taf,1973-07-31,unused-fs,0.0,0.0,0.0,,7,1973,AN,AN,AN,AN,AN,AN,AN,AN
UNUSED_FS,taf,1973-08-31,unused-fs,0.0,0.0,0.0,,8,1973,AN,AN,AN,AN,AN,AN,AN,AN
UNUSED_FS,taf,1973-09-30,unused-fs,36.413,0.0,12.824,,9,1973,AN,AN,AN,AN,AN,AN,AN,AN
UNUSED_FS,taf,1973-10-31,unused-fs,0.0,0.0,0.0,,10,1974,AN,AN,AN,AN,AN,AN,W,W
UNUSED_FS,taf,1973-11-30,unused-fs,379.636,379.636,379.636,,11,1974,AN,AN,AN,AN,AN,AN,W,W
UNUSED_FS,taf,1973-12-31,unused-fs,0.0,0.0,0.0,,12,1974,AN,AN,AN,AN,AN,AN,W,W
UNUSED_FS,taf,1974-01-31,unused-fs,0.0,0.0,0.0,,1,1974,AN,AN,AN,AN,AN,AN,W,W
UNUSED_FS,taf,1974-02-28,unused-fs,0.0,0.0,0.0,,2,1974,W,BN,W,BN,W,BN,W,W
UNUSED_FS,taf,1974-03-31,unused-fs,0.0,0.0,0.0,,3,1974,W,BN,W,BN,W,BN,W,W
UNUSED_FS,taf,1974-04-30,unused-fs,0.0,0.0,0.0,,4,1974,W,AN,W,AN,W,AN,W,W
UNUSED_FS,taf,1974-05-31,unused-fs,0.0,0.0,0.0,,5,1974,W,AN,W,AN,W,AN,W,W
UNUSED_FS,taf,1974-06-30,unused-fs,0.0,0.0,0.0,,6,1974,W,AN,W,AN,W,AN,W,W
UNUSED_FS,taf,1974-07-31,unused-fs,0.0,0.0,0.0,,7,1974,W,AN,W,AN,W,AN,W,W
UNUSED_FS,taf,1974-08-31,unused-fs,0.0,0.0,0.0,,8,1974,W,AN,W,AN,W,AN,W,W
UNUSED_FS,taf,1974-09-30,unused-fs,128.056,73.529,96.473,,9,1974,W,AN,W,AN,W,AN,W,W
UNUSED_FS,taf,1974-10-31,unused-fs,135.74,64.126,66.605,,10,1975,W,AN,W,AN,W,AN,W,W
UNUSED_FS,taf,1974-11-30,unused-fs,59.304,73.714,43.824,,11,1975,W,AN,W,AN,W,AN,W,W
UNUSED_FS,taf,1974-12-31,unused-fs,0.0,0.0,0.0,,12,1975,W,AN,W,AN,W,AN,W,W
UNUSED_FS,taf,1975-01-31,unused-fs,0.0,0.0,0.0,,1,1975,W,AN,W,AN,W,AN,W,W
UNUSED_FS,taf,1975-02-28,unused-fs,0.0,0.0,0.0,,2,1975,BN,C,BN,C,BN,C,W,W
UNUSED_FS,taf,1975-03-31,unused-fs,0.0,0.0,0.0,,3,1975,BN,D,BN,D,BN,D,W,W
UNUSED_FS,taf,1975-04-30,unused-fs,0.0,0.0,0.0,,4,1975,AN,AN,AN,AN,AN,AN,W,W
UNUSED_FS,taf,1975-05-31,unused-fs,0.0,0.0,0.0,,5,1975,AN,AN,AN,AN,AN,AN,W,W
UNUSED_FS,taf,1975-06-30,unused-fs,0.543,0.0,0.0,,6,1975,AN,AN,AN,AN,AN,AN,W,W
UNUSED_FS,taf,1975-07-31,unused-fs,0.0,0.0,0.0,,7,1975,AN,AN,AN,AN,AN,AN,W,W
UNUSED_FS,taf,1975-08-31,unused-fs,41.73,1.122,8.759,,8,1975,AN,AN,AN,AN,AN,AN,W,W
UNUSED_FS,taf,1975-09-30,unused-fs,254.983,202.827,159.729,,9,1975,AN,AN,AN,AN,AN,AN,W,W
UNUSED_FS,taf,1975-10-31,unused-fs,130.445,97.49,80.334,,10,1976,AN,AN,AN,AN,AN,AN,C,C
UNUSED_FS,taf,1975-11-30,unused-fs,136.085,137.277,112.807,,11,1976,AN,AN,AN,AN,AN,AN,C,C
UNUSED_FS,taf,1975-12-31,unused-fs,0.0,0.0,0.0,,12,1976,AN,AN,AN,AN,AN,AN,C,C
UNUSED_FS,taf,1976-01-31,unused-fs,0.0,0.0,0.0,,1,1976,AN,AN,AN,AN,AN,AN,C,C
UNUSED_FS,taf,1976-02-28,unused-fs,0.0,0.0,0.0,,2,1976,D,C,D,C,D,C,,
UNUSED_FS,taf,1976-03-31,unused-fs,0.0,0.0,0.0,,3,1976,D,C,D,C,D,C,C,C
UNUSED_FS,taf,1976-04-30,unused-fs,0.0,0.0,0.0,,4,1976,C,C,C,C,C,C,C,C
UNUSED_FS,taf,1976-05-31,unused-fs,0.0,0.0,0.0,,5,1976,C,C,C,C,C,C,C,C
UNUSED_FS,taf,1976-06-30,unused-fs,0.0,0.0,0.0,,6,1976,C,C,C,C,C,C,C,C
UNUSED_FS,taf,1976-07-31,unused-fs,0.0,0.0,0.0,,7,1976,C,C,C,C,C,C,C,C
UNUSED_FS,taf,1976-08-31,unused-fs,0.0,0.0,0.0,,8,1976,C,C,C,C,C,C,C,C
UNUSED_FS,taf,1976-09-30,unused-fs,0.0,0.0,0.0,,9,1976,C,C,C,C,C,C,C,C
UNUSED_FS,taf,1976-10-31,unused-fs,0.0,0.0,0.0,,10,1977,C,C,C,C,C,C,C,C
UNUSED_FS,taf,1976-11-30,unused-fs,0.0,0.0,0.0,,11,1977,C,C,C,C,C,C,C,C
UNUSED_FS,taf,1976-12-31,unused-fs,0.0,0.0,0.0,,12,1977,C,C,C,C,C,C,C,C
UNUSED_FS,taf,1977-01-31,unused-fs,0.0,0.0,0.0,,1,1977,C,C,C,C,C,C,C,C
UNUSED_FS,taf,1977-02-28,unused-fs,0.0,0.0,0.0,,2,1977,C,C,C,C,C,C,C,C
UNUSED_FS,taf,1977-03-31,unused-fs,0.0,0.0,0.0,,3,1977,C,C,C,C,C,C,C,C
UNUSED_FS,taf,1977-04-30,unused-fs,1.688,0.692,6.384,,4,1977,C,C,C,C,C,C,C,C
UNUSED_FS,taf,1977-05-31,unused-fs,0.0,0.0,0.0,,5,1977,C,C,C,C,C,C,C,C
UNUSED_FS,taf,1977-06-30,unused-fs,9.076,19.714,22.817,,6,1977,C,C,C,C,C,C,C,C
UNUSED_FS,taf,1977-07-31,unused-fs,0.0,31.841,55.122,,7,1977,C,C,C,C,C,C,C,C
UNUSED_FS,taf,1977-08-31,unused-fs,0.0,0.0,30.072,,8,1977,C,C,C,C,C,C,C,C
UNUSED_FS,taf,1977-09-30,unused-fs,0.0,0.0,5.12,,9,1977,C,C,C,C,C,C,C,C
UNUSED_FS,taf,1977-10-31,unused-fs,0.0,0.0,0.0,,10,1978,C,C,C,C,C,C,AN,W
UNUSED_FS,taf,1977-11-30,unused-fs,0.0,0.0,0.0,,11,1978,C,C,C,C,C,C,AN,W
UNUSED_FS,taf,1977-12-31,unused-fs,0.0,0.0,0.0,,12,1978,C,C,C,C,C,C,AN,W
UNUSED_FS,taf,1978-01-31,unused-fs,0.0,0.0,0.0,,1,1978,C,C,C,C,C,C,AN,W
UNUSED_FS,taf,1978-02-28,unused-fs,0.0,0.0,0.0,,2,1978,BN,D,BN,D,BN,D,AN,W
UNUSED_FS,taf,1978-03-31,unused-fs,0.0,0.0,0.0,,3,1978,BN,BN,BN,BN,BN,BN,AN,W
UNUSED_FS,taf,1978-04-30,unused-fs,74.736,52.644,68.931,,4,1978,AN,AN,AN,AN,AN,AN,AN,W
UNUSED_FS,taf,1978-05-31,unused-fs,54.325,18.873,16.998,,5,1978,AN,W,AN,W,AN,W,AN,W
UNUSED_FS,taf,1978-06-30,unused-fs,0.0,0.0,0.0,,6,1978,AN,W,AN,W,AN,W,AN,W
UNUSED_FS,taf,1978-07-31,unused-fs,0.0,0.0,0.0,,7,1978,AN,W,AN,W,AN,W,AN,W
UNUSED_FS,taf,1978-08-31,unused-fs,0.0,0.0,0.0,,8,1978,AN,W,AN,W,AN,W,AN,W
UNUSED_FS,taf,1978-09-30,unused-fs,225.885,125.962,76.012,,9,1978,AN,W,AN,W,AN,W,AN,W
UNUSED_FS,taf,1978-10-31,unused-fs,25.941,9.614,0.0,,10,1979,AN,W,AN,W,AN,W,BN,AN
UNUSED_FS,taf,1978-11-30,unused-fs,91.787,35.984,0.0,,11,1979,AN,W,AN,W,AN,W,BN,AN
UNUSED_FS,taf,1978-12-31,unused-fs,0.0,0.0,0.0,,12,1979,AN,W,AN,W,AN,W,BN,AN
UNUSED_FS,taf,1979-01-31,unused-fs,0.0,0.0,0.0,,1,1979,AN,W,AN,W,AN,W,BN,AN
UNUSED_FS,taf,1979-02-28,unused-fs,0.0,0.0,0.0,,2,1979,D,BN,D,BN,D,BN,BN,AN
UNUSED_FS,taf,1979-03-31,unused-fs,0.0,0.0,0.0,,3,1979,D,BN,D,BN,D,BN,BN,AN
UNUSED_FS,taf,1979-04-30,unused-fs,0.0,0.0,0.29,,4,1979,D,AN,D,AN,D,AN,BN,AN
UNUSED_FS,taf,1979-05-31,unused-fs,42.747,33.001,31.157,,5,1979,D,AN,D,AN,D,AN,BN,AN
UNUSED_FS,taf,1979-06-30,unused-fs,33.417,30.903,0.0,,6,1979,D,AN,D,AN,D,AN,BN,AN
UNUSED_FS,taf,1979-07-31,unused-fs,0.0,0.0,0.0,,7,1979,D,AN,D,AN,D,AN,BN,AN
UNUSED_FS,taf,1979-08-31,unused-fs,0.0,0.0,0.0,,8,1979,D,AN,D,AN,D,AN,BN,AN
UNUSED_FS,taf,1979-09-30,unused-fs,39.75,40.37,41.786,,9,1979,D,AN,D,AN,D,AN,BN,AN
UNUSED_FS,taf,1979-10-31,unused-fs,51.674,0.0,0.0,,10,1980,D,AN,D,AN,D,AN,AN,W
UNUSED_FS,taf,1979-11-30,unused-fs,0.0,58.179,2.302,,11,1980,D,AN,D,AN,D,AN,AN,W
UNUSED_FS,taf,1979-12-31,unused-fs,0.0,0.0,0.0,,12,1980,D,AN,D,AN,D,AN,AN,W
UNUSED_FS,taf,1980-01-31,unused-fs,0.0,0.0,0.0,,1,1980,D,AN,D,AN,D,AN,AN,W
UNUSED_FS,taf,1980-02-28,unused-fs,0.0,0.0,0.0,,2,1980,AN,AN,AN,AN,AN,AN,,
UNUSED_FS,taf,1980-03-31,unused-fs,0.0,0.0,0.0,,3,1980,W,W,W,W,W,W,AN,W
UNUSED_FS,taf,1980-04-30,unused-fs,25.71,44.945,44.284,,4,1980,W,W,W,W,W,W,AN,W
UNUSED_FS,taf,1980-05-31,unused-fs,18.633,11.749,5.48,,5,1980,AN,W,AN,W,AN,W,AN,W
UNUSED_FS,taf,1980-06-30,unused-fs,17.778,20.613,23.604,,6,1980,AN,W,AN,W,AN,W,AN,W
UNUSED_FS,taf,1980-07-31,unused-fs,0.0,0.0,0.0,,7,1980,AN,W,AN,W,AN,W,AN,W
UNUSED_FS,taf,1980-08-31,unused-fs,19.572,0.0,0.0,,8,1980,AN,W,AN,W,AN,W,AN,W
UNUSED_FS,taf,1980-09-30,unused-fs,67.936,61.848,66.231,,9,1980,AN,W,AN,W,AN,W,AN,W
UNUSED_FS,taf,1980-10-31,unused-fs,21.766,0.0,0.0,,10,1981,AN,W,AN,W,AN,W,D,D
UNUSED_FS,taf,1980-11-30,unused-fs,0.0,0.0,0.0,,11,1981,AN,W,AN,W,AN,W,D,D
UNUSED_FS,taf,1980-12-31,unused-fs,0.0,0.0,0.0,,12,1981,AN,W,AN,W,AN,W,D,D
UNUSED_FS,taf,1981-01-31,unused-fs,0.0,0.0,0.0,,1,1981,AN,W,AN,W,AN,W,D,D
UNUSED_FS,taf,1981-02-28,unused-fs,0.0,0.0,0.0,,2,1981,BN,D,BN,D,BN,D,D,D
UNUSED_FS,taf,1981-03-31,unused-fs,0.0,0.0,0.0,,3,1981,D,C,D,C,D,C,D,D
UNUSED_FS,taf,1981-04-30,unused-fs,0.0,0.0,0.0,,4,1981,D,D,D,D,D,D,D,D
UNUSED_FS,taf,1981-05-31,unused-fs,0.0,0.0,0.0,,5,1981,D,D,D,D,D,D,D,D
UNUSED_FS,taf,1981-06-30,unused-fs,0.0,0.0,0.0,,6,1981,D,D,D,D,D,D,D,D
UNUSED_FS,taf,1981-07-31,unused-fs,0.0,0.0,0.0,,7,1981,D,D,D,D,D,D,D,D
UNUSED_FS,taf,1981-08-31,unused-fs,0.0,0.0,0.0,,8,1981,D,D,D,D,D,D,D,D
UNUSED_FS,taf,1981-09-30,unused-fs,0.0,0.0,0.0,,9,1981,D,D,D,D,D,D,D,D
UNUSED_FS,taf,1981-10-31,unused-fs,0.0,0.0,8.778,,10,1982,D,D,D,D,D,D,W,W
UNUSED_FS,taf,1981-11-30,unused-fs,0.0,0.0,0.0,,11,1982,D,D,D,D,D,D,W,W
UNUSED_FS,taf,1981-12-31,unused-fs,0.0,0.0,0.0,,12,1982,D,D,D,D,D,D,W,W
UNUSED_FS,taf,1982-01-31,unused-fs,0.0,0.0,0.0,,1,1982,D,D,D,D,D,D,W,W
UNUSED_FS,taf,1982-02-28,unused-fs,0.0,0.0,0.0,,2,1982,W,AN,W,AN,W,AN,W,W
UNUSED_FS,taf,1982-03-31,unused-fs,0.0,0.0,0.0,,3,1982,W,AN,W,AN,W,AN,W,W
UNUSED_FS,taf,1982-04-30,unused-fs,0.0,15.8,0.0,,4,1982,W,W,W,W,W,W,W,W
UNUSED_FS,taf,1982-05-31,unused-fs,64.502,64.502,64.502,,5,1982,W,W,W,W,W,W,W,W
UNUSED_FS,taf,1982-06-30,unused-fs,0.0,0.068,0.147,,6,1982,W,W,W,W,W,W,W,W
UNUSED_FS,taf,1982-07-31,unused-fs,0.0,0.0,0.0,,7,1982,W,W,W,W,W,W,W,W
UNUSED_FS,taf,1982-08-31,unused-fs,155.024,46.062,102.408,,8,1982,W,W,W,W,W,W,W,W
UNUSED_FS,taf,1982-09-30,unused-fs,42.178,53.762,75.588,,9,1982,W,W,W,W,W,W,W,W
UNUSED_FS,taf,1982-10-31,unused-fs,0.0,0.0,0.0,,10,1983,W,W,W,W,W,W,W,W
UNUSED_FS,taf,1982-11-30,unused-fs,379.636,0.0,379.636,,11,1983,W,W,W,W,W,W,W,W
UNUSED_FS,taf,1982-12-31,unused-fs,0.0,0.0,0.0,,12,1983,W,W,W,W,W,W,W,W
UNUSED_FS,taf,1983-01-31,unused-fs,0.0,0.0,0.0,,1,1983,W,W,W,W,W,W,W,W
UNUSED_FS,taf,1983-02-28,unused-fs,0.0,0.0,0.0,,2,1983,W,W,W,W,W,W,W,W
UNUSED_FS,taf,1983-03-31,unused-fs,0.0,0.0,0.0,,3,1983,W,W,W,W,W,W,W,W
UNUSED_FS,taf,1983-04-30,unused-fs,0.0,0.0,0.0,,4,1983,W,W,W,W,W,W,W,W
UNUSED_FS,taf,1983-05-31,unused-fs,0.0,0.0,0.0,,5,1983,W,W,W,W,W,W,W,W
UNUSED_FS,taf,1983-06-30,unused-fs,0.0,0.0,0.0,,6,1983,W,W,W,W,W,W,W,W
UNUSED_FS,taf,1983-07-31,unused-fs,234.204,232.303,236.691,,7,1983,W,W,W,W,W,W,W,W
UNUSED_FS,taf,1983-08-31,unused-fs,397.421,400.239,400.691,,8,1983,W,W,W,W,W,W,W,W
UNUSED_FS,taf,1983-09-30,unused-fs,0.0,0.0,0.0,,9,1983,W,W,W,W,W,W,W,W
UNUSED_FS,taf,1983-10-31,unused-fs,0.0,0.0,0.0,,10,1984,W,W,W,W,W,W,W,AN
UNUSED_FS,taf,1983-11-30,unused-fs,355.1,355.1,355.1,,11,1984,W,W,W,W,W,W,W,AN
UNUSED_FS,taf,1983-12-31,unused-fs,0.0,0.0,0.0,,12,1984,W,W,W,W,W,W,W,AN
UNUSED_FS,taf,1984-01-31,unused-fs,0.0,0.0,0.0,,1,1984,W,W,W,W,W,W,W,AN
UNUSED_FS,taf,1984-02-28,unused-fs,0.0,0.0,0.0,,2,1984,W,AN,W,AN,W,AN,,
UNUSED_FS,taf,1984-03-31,unused-fs,0.0,0.0,0.0,,3,1984,W,AN,W,AN,W,AN,W,AN
UNUSED_FS,taf,1984-04-30,unused-fs,0.0,0.0,0.0,,4,1984,W,AN,W,AN,W,AN,W,AN
UNUSED_FS,taf,1984-05-31,unused-fs,0.0,0.0,0.0,,5,1984,W,AN,W,AN,W,AN,W,AN
UNUSED_FS,taf,1984-06-30,unused-fs,0.0,0.0,0.0,,6,1984,W,AN,W,AN,W,AN,W,AN
UNUSED_FS,taf,1984-07-31,unused-fs,0.0,0.0,0.0,,7,1984,W,AN,W,AN,W,AN,W,AN
UNUSED_FS,taf,1984-08-31,unused-fs,0.0,0.0,0.0,,8,1984,W,AN,W,AN,W,AN,W,AN
UNUSED_FS,taf,1984-09-30,unused-fs,27.813,24.302,35.138,,9,1984,W,AN,W,AN,W,AN,W,AN
UNUSED_FS,taf,1984-10-31,unused-fs,0.0,0.0,0.0,,10,1985,W,AN,W,AN,W,AN,D,D
UNUSED_FS,taf,1984-11-30,unused-fs,0.0,0.0,0.0,,11,1985,W,AN,W,AN,W,AN,D,D
UNUSED_FS,taf,1984-12-31,unused-fs,0.0,0.0,0.0,,12,1985,W,AN,W,AN,W,AN,D,D
UNUSED_FS,taf,1985-01-31,unused-fs,0.0,0.0,0.0,,1,1985,W,AN,W,AN,W,AN,D,D
UNUSED_FS,taf,1985-02-28,unused-fs,0.0,0.0,0.0,,2,1985,BN,C,BN,C,BN,C,D,D
UNUSED_FS,taf,1985-03-31,unused-fs,0.0,0.0,0.0,,3,1985,BN,C,BN,C,BN,C,D,D
UNUSED_FS,taf,1985-04-30,unused-fs,0.0,0.0,0.0,,4,1985,BN,D,BN,D,BN,D,D,D
UNUSED_FS,taf,1985-05-31,unused-fs,0.0,0.0,0.0,,5,1985,D,D,D,D,D,D,D,D
UNUSED_FS,taf,1985-06-30,unused-fs,0.0,0.0,0.0,,6,1985,D,D,D,D,D,D,D,D
UNUSED_FS,taf,1985-07-31,unused-fs,0.0,0.0,0.0,,7,1985,D,D,D,D,D,D,D,D
UNUSED_FS,taf,1985-08-31,unused-fs,0.0,0.0,0.0,,8,1985,D,D,D,D,D,D,D,D
UNUSED_FS,taf,1985-09-30,unused-fs,0.0,0.0,0.0,,9,1985,D,D,D,D,D,D,D,D
UNUSED_FS,taf,1985-10-31,unused-fs,0.0,0.0,0.0,,10,1986,D,D,D,D,D,D,W,W
UNUSED_FS,taf,1985-11-30,unused-fs,0.0,0.0,0.0,,11,1986,D,D,D,D,D,D,W,W
UNUSED_FS,taf,1985-12-31,unused-fs,0.0,0.0,0.0,,12,1986,D,D,D,D,D,D,W,W
UNUSED_FS,taf,1986-01-31,unused-fs,0.0,0.0,0.0,,1,1986,D,D,D,D,D,D,W,W
UNUSED_FS,taf,1986-02-28,unused-fs,0.0,0.0,0.0,,2,1986,D,D,D,D,D,D,W,W
UNUSED_FS,taf,1986-03-31,unused-fs,0.0,0.0,0.0,,3,1986,W,AN,W,AN,W,AN,W,W
UNUSED_FS,taf,1986-04-30,unused-fs,12.709,11.716,12.959,,4,1986,W,W,W,W,W,W,W,W
UNUSED_FS,taf,1986-05-31,unused-fs,12.644,12.549,9.201,,5,1986,W,W,W,W,W,W,W,W
UNUSED_FS,taf,1986-06-30,unused-fs,0.0,0.0,0.0,,6,1986,W,W,W,W,W,W,W,W
UNUSED_FS,taf,1986-07-31,unused-fs,0.0,0.0,0.0,,7,1986,W,W,W,W,W,W,W,W
UNUSED_FS,taf,1986-08-31,unused-fs,0.0,0.0,0.0,,8,1986,W,W,W,W,W,W,W,W
UNUSED_FS,taf,1986-09-30,unused-fs,120.786,116.719,124.994,,9,1986,W,W,W,W,W,W,W,W
UNUSED_FS,taf,1986-10-31,unused-fs,0.0,0.0,0.0,,10,1987,W,W,W,W,W,W,D,C
UNUSED_FS,taf,1986-11-30,unused-fs,0.0,0.0,0.0,,11,1987,W,W,W,W,W,W,D,C
UNUSED_FS,taf,1986-12-31,unused-fs,0.0,0.0,0.0,,12,1987,W,W,W,W,W,W,D,C
UNUSED_FS,taf,1987-01-31,unused-fs,0.0,0.0,0.0,,1,1987,W,W,W,W,W,W,D,C
UNUSED_FS,taf,1987-02-28,unused-fs,0.0,0.0,0.0,,2,1987,D,C,D,C,D,C,D,C
UNUSED_FS,taf,1987-03-31,unused-fs,0.0,0.0,0.0,,3,1987,D,C,D,C,D,C,D,C
UNUSED_FS,taf,1987-04-30,unused-fs,0.0,0.0,0.0,,4,1987,D,C,D,C,D,C,D,C
UNUSED_FS,taf,1987-05-31,unused-fs,0.0,0.0,0.0,,5,1987,D,C,D,C,D,C,D,C
UNUSED_FS,taf,1987-06-30,unused-fs,0.0,0.0,0.0,,6,1987,D,C,D,C,D,C,D,C
UNUSED_FS,taf,1987-07-31,unused-fs,0.0,0.0,0.0,,7,1987,D,C,D,C,D,C,D,C
UNUSED_FS,taf,1987-08-31,unused-fs,0.0,0.0,0.0,,8,1987,D,C,D,C,D,C,D,C
UNUSED_FS,taf,1987-09-30,unused-fs,0.0,0.0,0.0,,9,1987,D,C,D,C,D,C,D,C
UNUSED_FS,taf,1987-10-31,unused-fs,0.0,0.0,0.0,,10,1988,D,C,D,C,D,C,C,C
UNUSED_FS,taf,1987-11-30,unused-fs,0.0,0.0,0.0,,11,1988,D,C,D,C,D,C,C,C
UNUSED_FS,taf,1987-12-31,unused-fs,0.0,0.0,0.0,,12,1988,D,C,D,C,D,C,C,C
UNUSED_FS,taf,1988-01-31,unused-fs,0.0,0.0,0.0,,1,1988,D,C,D,C,D,C,C,C
UNUSED_FS,taf,1988-02-28,unused-fs,0.0,0.0,0.0,,2,1988,D,C,D,C,D,C,,
UNUSED_FS,taf,1988-03-31,unused-fs,0.0,0.0,0.0,,3,1988,C,C,C,C,C,C,C,C
UNUSED_FS,taf,1988-04-30,unused-fs,0.0,0.0,0.0,,4,1988,C,C,C,C,C,C,C,C
UNUSED_FS,taf,1988-05-31,unused-fs,0.0,0.0,0.0,,5,1988,C,C,C,C,C,C,C,C
UNUSED_FS,taf,1988-06-30,unused-fs,0.0,0.0,0.0,,6,1988,C,C,C,C,C,C,C,C
UNUSED_FS,taf,1988-07-31,unused-fs,58.993,41.064,32.46,,7,1988,C,C,C,C,C,C,C,C
UNUSED_FS,taf,1988-08-31,unused-fs,0.0,0.0,0.0,,8,1988,C,C,C,C,C,C,C,C
UNUSED_FS,taf,1988-09-30,unused-fs,0.0,0.0,0.0,,9,1988,C,C,C,C,C,C,C,C
UNUSED_FS,taf,1988-10-31,unused-fs,0.0,0.0,0.0,,10,1989,C,C,C,C,C,C,D,C
UNUSED_FS,taf,1988-11-30,unused-fs,0.0,0.0,0.0,,11,1989,C,C,C,C,C,C,D,C
UNUSED_FS,taf,1988-12-31,unused-fs,0.0,0.0,0.0,,12,1989,C,C,C,C,C,C,D,C
UNUSED_FS,taf,1989-01-31,unused-fs,0.0,0.0,0.0,,1,1989,C,C,C,C,C,C,D,C
UNUSED_FS,taf,1989-02-28,unused-fs,0.0,0.0,0.0,,2,1989,D,C,D,C,D,C,D,C
UNUSED_FS,taf,1989-03-31,unused-fs,0.0,0.0,0.0,,3,1989,C,C,C,C,C,C,D,C
UNUSED_FS,taf,1989-04-30,unused-fs,0.0,0.0,0.0,,4,1989,D,C,D,C,D,C,D,C
UNUSED_FS,taf,1989-05-31,unused-fs,0.0,0.0,0.0,,5,1989,D,C,D,C,D,C,D,C
UNUSED_FS,taf,1989-06-30,unused-fs,0.0,0.0,0.0,,6,1989,D,C,D,C,D,C,D,C
UNUSED_FS,taf,1989-07-31,unused-fs,0.0,0.0,0.0,,7,1989,D,C,D,C,D,C,D,C
UNUSED_FS,taf,1989-08-31,unused-fs,0.0,0.0,0.0,,8,1989,D,C,D,C,D,C,D,C
UNUSED_FS,taf,1989-09-30,unused-fs,79.302,73.797,96.403,,9,1989,D,C,D,C,D,C,D,C
UNUSED_FS,taf,1989-10-31,unused-fs,0.0,0.0,0.0,,10,1990,D,C,D,C,D,C,C,C
UNUSED_FS,taf,1989-11-30,unused-fs,0.0,0.0,0.0,,11,1990,D,C,D,C,D,C,C,C
UNUSED_FS,taf,1989-12-31,unused-fs,0.0,0.0,0.0,,12,1990,D,C,D,C,D,C,C,C
UNUSED_FS,taf,1990-01-31,unused-fs,0.0,0.0,0.0,,1,1990,D,C,D,C,D,C,C,C
UNUSED_FS,taf,1990-02-28,unused-fs,0.0,0.0,0.0,,2,1990,D,C,D,C,D,C,C,C
UNUSED_FS,taf,1990-03-31,unused-fs,0.0,0.0,0.0,,3,1990,C,C,C,C,C,C,C,C
UNUSED_FS,taf,1990-04-30,unused-fs,0.0,0.0,0.0,,4,1990,C,C,C,C,C,C,C,C
UNUSED_FS,taf,1990-05-31,unused-fs,0.0,0.0,0.0,,5,1990,C,C,C,C,C,C,C,C
UNUSED_FS,taf,1990-06-30,unused-fs,0.0,0.0,0.0,,6,1990,C,C,C,C,C,C,C,C
UNUSED_FS,taf,1990-07-31,unused-fs,0.0,0.0,0.0,,7,1990,C,C,C,C,C,C,C,C
UNUSED_FS,taf,1990-08-31,unused-fs,0.0,0.0,0.0,,8,1990,C,C,C,C,C,C,C,C
UNUSED_FS,taf,1990-09-30,unused-fs,0.0,0.0,0.0,,9,1990,C,C,C,C,C,C,C,C
UNUSED_FS,taf,1990-10-31,unused-fs,0.0,0.0,0.0,,10,1991,C,C,C,C,C,C,C,C
UNUSED_FS,taf,1990-11-30,unused-fs,0.0,0.0,0.0,,11,1991,C,C,C,C,C,C,C,C
UNUSED_FS,taf,1990-12-31,unused-fs,0.0,0.0,0.0,,12,1991,C,C,C,C,C,C,C,C
UNUSED_FS,taf,1991-01-31,unused-fs,0.0,0.0,0.0,,1,1991,C,C,C,C,C,C,C,C
UNUSED_FS,taf,1991-02-28,unused-fs,0.0,0.0,0.0,,2,1991,C,C,C,C,C,C,C,C
UNUSED_FS,taf,1991-03-31,unused-fs,0.0,0.0,0.0,,3,1991,C,C,C,C,C,C,C,C
UNUSED_FS,taf,1991-04-30,unused-fs,0.0,0.0,0.0,,4,1991,C,C,C,C,C,C,C,C
UNUSED_FS,taf,1991-05-31,unused-fs,0.0,0.0,0.0,,5,1991,C,C,C,C,C,C,C,C
UNUSED_FS,taf,1991-06-30,unused-fs,0.0,0.0,86.727,,6,1991,C,C,C,C,C,C,C,C
UNUSED_FS,taf,1991-07-31,unused-fs,0.0,0.0,3.569,,7,1991,C,C,C,C,C,C,C,C
UNUSED_FS,taf,1991-08-31,unused-fs,0.0,45.781,109.353,,8,1991,C,C,C,C,C,C,C,C
UNUSED_FS,taf,1991-09-30,unused-fs,0.0,0.0,46.331,,9,1991,C,C,C,C,C,C,C,C
UNUSED_FS,taf,1991-10-31,unused-fs,0.0,0.0,0.0,,10,1992,C,C,C,C,C,C,C,C
UNUSED_FS,taf,1991-11-30,unused-fs,0.0,0.0,0.0,,11,1992,C,C,C,C,C,C,C,C
UNUSED_FS,taf,1991-12-31,unused-fs,0.0,0.0,0.0,,12,1992,C,C,C,C,C,C,C,C
UNUSED_FS,taf,1992-01-31,unused-fs,0.0,0.0,0.0,,1,1992,C,C,C,C,C,C,C,C
UNUSED_FS,taf,1992-02-28,unused-fs,0.0,0.0,0.0,,2,1992,C,C,C,C,C,C,,
UNUSED_FS,taf,1992-03-31,unused-fs,0.0,0.0,0.0,,3,1992,C,C,C,C,C,C,C,C
UNUSED_FS,taf,1992-04-30,unused-fs,0.0,0.0,0.0,,4,1992,C,C,C,C,C,C,C,C
UNUSED_FS,taf,1992-05-31,unused-fs,0.0,0.0,0.0,,5,1992,C,C,C,C,C,C,C,C
UNUSED_FS,taf,1992-06-30,unused-fs,0.0,0.0,0.0,,6,1992,C,C,C,C,C,C,C,C
UNUSED_FS,taf,1992-07-31,unused-fs,0.0,0.0,0.0,,7,1992,C,C,C,C,C,C,C,C
UNUSED_FS,taf,1992-08-31,unused-fs,0.0,0.0,0.0,,8,1992,C,C,C,C,C,C,C,C
UNUSED_FS,taf,1992-09-30,unused-fs,0.0,0.0,0.0,,9,1992,C,C,C,C,C,C,C,C
UNUSED_FS,taf,1992-10-31,unused-fs,0.0,0.0,0.0,,10,1993,C,C,C,C,C,C,AN,W
UNUSED_FS,taf,1992-11-30,unused-fs,0.0,0.0,0.0,,11,1993,C,C,C,C,C,C,AN,W
UNUSED_FS,taf,1992-12-31,unused-fs,0.0,0.0,0.0,,12,1993,C,C,C,C,C,C,AN,W
UNUSED_FS,taf,1993-01-31,unused-fs,0.0,0.0,0.0,,1,1993,C,C,C,C,C,C,AN,W
UNUSED_FS,taf,1993-02-28,unused-fs,0.0,0.0,0.0,,2,1993,BN,AN,BN,AN,BN,AN,AN,W
UNUSED_FS,taf,1993-03-31,unused-fs,0.0,0.0,0.0,,3,1993,AN,AN,AN,AN,AN,AN,AN,W
UNUSED_FS,taf,1993-04-30,unused-fs,3.701,2.997,0.0,,4,1993,AN,W,AN,W,AN,W,AN,W
UNUSED_FS,taf,1993-05-31,unused-fs,0.0,0.0,0.0,,5,1993,AN,AN,AN,AN,AN,AN,AN,W
UNUSED_FS,taf,1993-06-30,unused-fs,0.0,0.0,0.0,,6,1993,AN,AN,AN,AN,AN,AN,AN,W
UNUSED_FS,taf,1993-07-31,unused-fs,0.0,0.0,0.0,,7,1993,AN,AN,AN,AN,AN,AN,AN,W
UNUSED_FS,taf,1993-08-31,unused-fs,278.827,186.432,104.707,,8,1993,AN,AN,AN,AN,AN,AN,AN,W
UNUSED_FS,taf,1993-09-30,unused-fs,149.691,134.213,86.945,,9,1993,AN,AN,AN,AN,AN,AN,AN,W
UNUSED_FS,taf,1993-10-31,unused-fs,56.527,30.395,33.367,,10,1994,AN,AN,AN,AN,AN,AN,C,C
UNUSED_FS,taf,1993-11-30,unused-fs,41.092,28.261,14.526,,11,1994,AN,AN,AN,AN,AN,AN,C,C
UNUSED_FS,taf,1993-12-31,unused-fs,0.0,0.0,1.556,,12,1994,AN,AN,AN,AN,AN,AN,C,C
UNUSED_FS,taf,1994-01-31,unused-fs,0.0,0.0,0.0,,1,1994,AN,AN,AN,AN,AN,AN,C,C
UNUSED_FS,taf,1994-02-28,unused-fs,0.0,0.0,0.0,,2,1994,D,C,D,C,D,C,C,C
UNUSED_FS,taf,1994-03-31,unused-fs,0.0,0.0,0.0,,3,1994,D,C,D,C,D,C,C,C
UNUSED_FS,taf,1994-04-30,unused-fs,0.0,0.0,0.0,,4,1994,C,C,C,C,C,C,C,C
UNUSED_FS,taf,1994-05-31,unused-fs,0.0,0.0,0.0,,5,1994,C,C,C,C,C,C,C,C
UNUSED_FS,taf,1994-06-30,unused-fs,0.0,0.0,0.0,,6,1994,C,C,C,C,C,C,C,C
UNUSED_FS,taf,1994-07-31,unused-fs,0.0,0.0,0.0,,7,1994,C,C,C,C,C,C,C,C
UNUSED_FS,taf,1994-08-31,unused-fs,0.0,0.0,0.0,,8,1994,C,C,C,C,C,C,C,C
UNUSED_FS,taf,1994-09-30,unused-fs,0.0,0.0,0.0,,9,1994,C,C,C,C,C,C,C,C
UNUSED_FS,taf,1994-10-31,unused-fs,0.0,0.0,0.0,,10,1995,C,C,C,C,C,C,W,W
UNUSED_FS,taf,1994-11-30,unused-fs,0.0,0.0,0.0,,11,1995,C,C,C,C,C,C,W,W
UNUSED_FS,taf,1994-12-31,unused-fs,0.0,0.0,0.0,,12,1995,C,C,C,C,C,C,W,W
UNUSED_FS,taf,1995-01-31,unused-fs,0.0,0.0,0.0,,1,1995,C,C,C,C,C,C,W,W
UNUSED_FS,taf,1995-02-28,unused-fs,0.0,0.0,0.0,,2,1995,W,AN,W,AN,W,AN,W,W
UNUSED_FS,taf,1995-03-31,unused-fs,0.0,0.0,0.0,,3,1995,AN,BN,AN,BN,AN,BN,W,W
UNUSED_FS,taf,1995-04-30,unused-fs,68.803,68.803,68.803,,4,1995,W,W,W,W,W,W,W,W
UNUSED_FS,taf,1995-05-31,unused-fs,54.194,59.937,64.502,,5,1995,W,W,W,W,W,W,W,W
UNUSED_FS,taf,1995-06-30,unused-fs,0.0,0.0,0.0,,6,1995,W,W,W,W,W,W,W,W
UNUSED_FS,taf,1995-07-31,unused-fs,141.728,113.454,76.529,,7,1995,W,W,W,W,W,W,W,W
UNUSED_FS,taf,1995-08-31,unused-fs,339.598,323.7,333.295,,8,1995,W,W,W,W,W,W,W,W
UNUSED_FS,taf,1995-09-30,unused-fs,280.051,249.79,289.662,,9,1995,W,W,W,W,W,W,W,W
UNUSED_FS,taf,1995-10-31,unused-fs,139.588,154.285,159.025,,10,1996,W,W,W,W,W,W,W,W
UNUSED_FS,taf,1995-11-30,unused-fs,0.0,0.0,0.0,,11,1996,W,W,W,W,W,W,W,W
UNUSED_FS,taf,1995-12-31,unused-fs,0.0,0.0,0.0,,12,1996,W,W,W,W,W,W,W,W
UNUSED_FS,taf,1996-01-31,unused-fs,0.0,0.0,0.0,,1,1996,W,W,W,W,W,W,W,W
UNUSED_FS,taf,1996-02-28,unused-fs,0.0,0.0,0.0,,2,1996,AN,BN,AN,BN,AN,BN,,
UNUSED_FS,taf,1996-03-31,unused-fs,0.0,0.0,0.0,,3,1996,W,AN,W,AN,W,AN,W,W
UNUSED_FS,taf,1996-04-30,unused-fs,22.158,16.995,20.879,,4,1996,W,AN,W,AN,W,AN,W,W
UNUSED_FS,taf,1996-05-31,unused-fs,11.311,12.511,5.259,,5,1996,W,AN,W,AN,W,AN,W,W
UNUSED_FS,taf,1996-06-30,unused-fs,0.0,0.0,0.0,,6,1996,W,AN,W,AN,W,AN,W,W
UNUSED_FS,taf,1996-07-31,unused-fs,0.0,0.0,0.0,,7,1996,W,AN,W,AN,W,AN,W,W
UNUSED_FS,taf,1996-08-31,unused-fs,6.825,0.0,10.257,,8,1996,W,AN,W,AN,W,AN,W,W
UNUSED_FS,taf,1996-09-30,unused-fs,256.594,236.729,234.074,,9,1996,W,AN,W,AN,W,AN,W,W
UNUSED_FS,taf,1996-10-31,unused-fs,113.496,95.623,124.518,,10,1997,W,AN,W,AN,W,AN,W,W
UNUSED_FS,taf,1996-11-30,unused-fs,79.7,87.305,140.264,,11,1997,W,AN,W,AN,W,AN,W,W
UNUSED_FS,taf,1996-12-31,unused-fs,0.0,0.0,0.0,,12,1997,W,AN,W,AN,W,AN,W,W
UNUSED_FS,taf,1997-01-31,unused-fs,0.0,0.0,0.0,,1,1997,W,AN,W,AN,W,AN,W,W
UNUSED_FS,taf,1997-02-28,unused-fs,0.0,0.0,0.0,,2,1997,W,W,W,W,W,W,W,W
UNUSED_FS,taf,1997-03-31,unused-fs,0.0,0.0,0.0,,3,1997,W,W,W,W,W,W,W,W
UNUSED_FS,taf,1997-04-30,unused-fs,0.0,0.0,9.082,,4,1997,W,W,W,W,W,W,W,W
UNUSED_FS,taf,1997-05-31,unused-fs,0.0,0.0,0.0,,5,1997,W,W,W,W,W,W,W,W
UNUSED_FS,taf,1997-06-30,unused-fs,0.0,0.0,0.0,,6,1997,W,W,W,W,W,W,W,W
UNUSED_FS,taf,1997-07-31,unused-fs,0.0,0.0,0.0,,7,1997,W,W,W,W,W,W,W,W
UNUSED_FS,taf,1997-08-31,unused-fs,0.0,0.0,0.0,,8,1997,W,W,W,W,W,W,W,W
UNUSED_FS,taf,1997-09-30,unused-fs,13.61,5.133,0.0,,9,1997,W,W,W,W,W,W,W,W
UNUSED_FS,taf,1997-10-31,unused-fs,0.0,0.0,0.0,,10,1998,W,W,W,W,W,W,W,W
UNUSED_FS,taf,1997-11-30,unused-fs,0.0,0.0,0.0,,11,1998,W,W,W,W,W,W,W,W
UNUSED_FS,taf,1997-12-31,unused-fs,0.0,0.0,0.0,,12,1998,W,W,W,W,W,W,W,W
UNUSED_FS,taf,1998-01-31,unused-fs,0.0,0.0,0.0,,1,1998,W,W,W,W,W,W,W,W
UNUSED_FS,taf,1998-02-28,unused-fs,0.0,0.0,0.0,,2,1998,W,AN,W,AN,W,AN,W,W
UNUSED_FS,taf,1998-03-31,unused-fs,0.0,0.0,0.0,,3,1998,W,W,W,W,W,W,W,W
UNUSED_FS,taf,1998-04-30,unused-fs,97.862,98.108,61.26,,4,1998,W,W,W,W,W,W,W,W
UNUSED_FS,taf,1998-05-31,unused-fs,73.535,87.239,94.132,,5,1998,W,W,W,W,W,W,W,W
UNUSED_FS,taf,1998-06-30,unused-fs,0.0,0.0,0.0,,6,1998,W,W,W,W,W,W,W,W
UNUSED_FS,taf,1998-07-31,unused-fs,340.792,338.963,340.342,,7,1998,W,W,W,W,W,W,W,W
UNUSED_FS,taf,1998-08-31,unused-fs,317.611,325.461,326.426,,8,1998,W,W,W,W,W,W,W,W
UNUSED_FS,taf,1998-09-30,unused-fs,0.0,0.0,0.0,,9,1998,W,W,W,W,W,W,W,W
UNUSED_FS,taf,1998-10-31,unused-fs,0.0,0.0,0.0,,10,1999,W,W,W,W,W,W,W,AN
UNUSED_FS,taf,1998-11-30,unused-fs,379.636,379.636,379.636,,11,1999,W,W,W,W,W,W,W,AN
UNUSED_FS,taf,1998-12-31,unused-fs,0.0,0.0,0.0,,12,1999,W,W,W,W,W,W,W,AN
UNUSED_FS,taf,1999-01-31,unused-fs,0.0,0.0,0.0,,1,1999,W,W,W,W,W,W,W,AN
UNUSED_FS,taf,1999-02-28,unused-fs,0.0,0.0,0.0,,2,1999,AN,BN,AN,BN,AN,BN,W,AN
UNUSED_FS,taf,1999-03-31,unused-fs,0.0,0.0,0.0,,3,1999,W,BN,W,BN,W,BN,W,AN
UNUSED_FS,taf,1999-04-30,unused-fs,0.0,0.0,3.198,,4,1999,W,BN,W,BN,W,BN,W,AN
UNUSED_FS,taf,1999-05-31,unused-fs,0.0,0.0,0.0,,5,1999,W,AN,W,AN,W,AN,W,AN
UNUSED_FS,taf,1999-06-30,unused-fs,0.0,0.0,0.0,,6,1999,W,AN,W,AN,W,AN,W,AN
UNUSED_FS,taf,1999-07-31,unused-fs,0.0,0.0,0.0,,7,1999,W,AN,W,AN,W,AN,W,AN
UNUSED_FS,taf,1999-08-31,unused-fs,0.0,0.0,0.0,,8,1999,W,AN,W,AN,W,AN,W,AN
UNUSED_FS,taf,1999-09-30,unused-fs,129.37,71.063,209.408,,9,1999,W,AN,W,AN,W,AN,W,AN
UNUSED_FS,taf,1999-10-31,unused-fs,3.936,0.0,12.956,,10,2000,W,AN,W,AN,W,AN,AN,AN
UNUSED_FS,taf,1999-11-30,unused-fs,66.3,38.921,50.225,,11,2000,W,AN,W,AN,W,AN,AN,AN
UNUSED_FS,taf,1999-12-31,unused-fs,0.0,0.0,0.0,,12,2000,W,AN,W,AN,W,AN,AN,AN
UNUSED_FS,taf,2000-01-31,unused-fs,0.0,0.0,0.0,,1,2000,W,AN,W,AN,W,AN,AN,AN
UNUSED_FS,taf,2000-02-28,unused-fs,0.0,0.0,0.0,,2,2000,BN,D,BN,D,BN,D,,
UNUSED_FS,taf,2000-03-31,unused-fs,0.0,0.0,0.0,,3,2000,AN,BN,AN,BN,AN,BN,AN,AN
UNUSED_FS,taf,2000-04-30,unused-fs,3.595,14.274,0.0,,4,2000,AN,BN,AN,BN,AN,BN,AN,AN
UNUSED_FS,taf,2000-05-31,unused-fs,27.472,22.497,35.097,,5,2000,AN,BN,AN,BN,AN,BN,AN,AN
UNUSED_FS,taf,2000-06-30,unused-fs,0.0,0.0,0.0,,6,2000,AN,BN,AN,BN,AN,BN,AN,AN
UNUSED_FS,taf,2000-07-31,unused-fs,0.0,0.0,0.0,,7,2000,AN,BN,AN,BN,AN,BN,AN,AN
UNUSED_FS,taf,2000-08-31,unused-fs,0.0,0.0,0.0,,8,2000,AN,BN,AN,BN,AN,BN,AN,AN
UNUSED_FS,taf,2000-09-30,unused-fs,25.514,17.141,34.158,,9,2000,AN,BN,AN,BN,AN,BN,AN,AN
UNUSED_FS,taf,2000-10-31,unused-fs,0.0,0.0,0.0,,10,2001,AN,BN,AN,BN,AN,BN,D,D
UNUSED_FS,taf,2000-11-30,unused-fs,0.0,0.0,0.0,,11,2001,AN,BN,AN,BN,AN,BN,D,D
UNUSED_FS,taf,2000-12-31,unused-fs,0.0,0.0,0.0,,12,2001,AN,BN,AN,BN,AN,BN,D,D
UNUSED_FS,taf,2001-01-31,unused-fs,0.0,0.0,0.0,,1,2001,AN,BN,AN,BN,AN,BN,D,D
UNUSED_FS,taf,2001-02-28,unused-fs,0.0,0.0,0.0,,2,2001,D,C,D,C,D,C,D,D
UNUSED_FS,taf,2001-03-31,unused-fs,0.0,0.0,0.0,,3,2001,D,C,D,C,D,C,D,D
UNUSED_FS,taf,2001-04-30,unused-fs,0.0,0.0,0.0,,4,2001,D,C,D,C,D,C,D,D
UNUSED_FS,taf,2001-05-31,unused-fs,0.0,0.0,0.0,,5,2001,D,D,D,D,D,D,D,D
UNUSED_FS,taf,2001-06-30,unused-fs,0.0,0.0,0.0,,6,2001,D,D,D,D,D,D,D,D
UNUSED_FS,taf,2001-07-31,unused-fs,0.0,0.0,0.0,,7,2001,D,D,D,D,D,D,D,D
UNUSED_FS,taf,2001-08-31,unused-fs,0.0,0.0,0.0,,8,2001,D,D,D,D,D,D,D,D
UNUSED_FS,taf,2001-09-30,unused-fs,0.0,0.0,0.0,,9,2001,D,D,D,D,D,D,D,D
UNUSED_FS,taf,2001-10-31,unused-fs,0.0,0.0,0.0,,10,2002,D,D,D,D,D,D,D,D
UNUSED_FS,taf,2001-11-30,unused-fs,0.0,0.0,0.0,,11,2002,D,D,D,D,D,D,D,D
UNUSED_FS,taf,2001-12-31,unused-fs,0.0,0.0,0.0,,12,2002,D,D,D,D,D,D,D,D
UNUSED_FS,taf,2002-01-31,unused-fs,0.0,0.0,0.0,,1,2002,D,D,D,D,D,D,D,D
UNUSED_FS,taf,2002-02-28,unused-fs,0.0,0.0,0.0,,2,2002,BN,D,BN,D,BN,D,D,D
UNUSED_FS,taf,2002-03-31,unused-fs,0.0,0.0,0.0,,3,2002,BN,C,BN,C,BN,C,D,D
UNUSED_FS,taf,2002-04-30,unused-fs,0.0,0.0,0.0,,4,2002,BN,C,BN,C,BN,C,D,D
UNUSED_FS,taf,2002-05-31,unused-fs,0.0,0.0,0.0,,5,2002,D,D,D,D,D,D,D,D
UNUSED_FS,taf,2002-06-30,unused-fs,0.0,0.0,0.0,,6,2002,D,D,D,D,D,D,D,D
UNUSED_FS,taf,2002-07-31,unused-fs,0.0,0.0,0.0,,7,2002,D,D,D,D,D,D,D,D
UNUSED_FS,taf,2002-08-31,unused-fs,0.0,0.0,0.0,,8,2002,D,D,D,D,D,D,D,D
UNUSED_FS,taf,2002-09-30,unused-fs,22.727,23.378,27.69,,9,2002,D,D,D,D,D,D,D,D
UNUSED_FS,taf,2002-10-31,unused-fs,0.0,0.0,0.0,,10,2003,D,D,D,D,D,D,AN,BN
UNUSED_FS,taf,2002-11-30,unused-fs,0.0,0.0,0.0,,11,2003,D,D,D,D,D,D,AN,BN
UNUSED_FS,taf,2002-12-31,unused-fs,0.0,0.0,0.0,,12,2003,D,D,D,D,D,D,AN,BN
UNUSED_FS,taf,2003-01-31,unused-fs,0.0,0.0,0.0,,1,2003,D,D,D,D,D,D,AN,BN
UNUSED_FS,taf,2003-02-28,unused-fs,0.0,0.0,0.0,,2,2003,AN,C,AN,C,AN,C,AN,BN
UNUSED_FS,taf,2003-03-31,unused-fs,0.0,0.0,0.0,,3,2003,BN,C,BN,C,BN,C,AN,BN
UNUSED_FS,taf,2003-04-30,unused-fs,0.0,0.0,0.0,,4,2003,BN,C,BN,C,BN,C,AN,BN
UNUSED_FS,taf,2003-05-31,unused-fs,0.0,0.0,0.0,,5,2003,AN,D,AN,D,AN,D,AN,BN
UNUSED_FS,taf,2003-06-30,unused-fs,0.0,0.0,0.0,,6,2003,AN,D,AN,D,AN,D,AN,BN
UNUSED_FS,taf,2003-07-31,unused-fs,0.0,0.0,0.0,,7,2003,AN,D,AN,D,AN,D,AN,BN
UNUSED_FS,taf,2003-08-31,unused-fs,0.0,0.0,0.0,,8,2003,AN,D,AN,D,AN,D,AN,BN
UNUSED_FS,taf,2003-09-30,unused-fs,34.022,17.837,24.919,,9,2003,AN,D,AN,D,AN,D,AN,BN
UNUSED_FS,taf,2003-10-31,unused-fs,36.091,7.272,0.0,,10,2004,AN,D,AN,D,AN,D,BN,D
UNUSED_FS,taf,2003-11-30,unused-fs,0.0,0.0,0.0,,11,2004,AN,D,AN,D,AN,D,BN,D
UNUSED_FS,taf,2003-12-31,unused-fs,0.0,0.0,0.0,,12,2004,AN,D,AN,D,AN,D,BN,D
UNUSED_FS,taf,2004-01-31,unused-fs,0.0,0.0,0.0,,1,2004,AN,D,AN,D,AN,D,BN,D
UNUSED_FS,taf,2004-02-28,unused-fs,0.0,0.0,0.0,,2,2004,AN,D,AN,D,AN,D,,
UNUSED_FS,taf,2004-03-31,unused-fs,0.0,0.0,0.0,,3,2004,AN,D,AN,D,AN,D,BN,D
UNUSED_FS,taf,2004-04-30,unused-fs,0.0,0.0,0.0,,4,2004,AN,C,AN,C,AN,C,BN,D
UNUSED_FS,taf,2004-05-31,unused-fs,0.0,4.882,0.0,,5,2004,BN,C,BN,C,BN,C,BN,D
UNUSED_FS,taf,2004-06-30,unused-fs,0.0,0.0,0.0,,6,2004,BN,C,BN,C,BN,C,BN,D
UNUSED_FS,taf,2004-07-31,unused-fs,0.0,0.0,0.0,,7,2004,BN,C,BN,C,BN,C,BN,D
UNUSED_FS,taf,2004-08-31,unused-fs,0.0,0.0,0.0,,8,2004,BN,C,BN,C,BN,C,BN,D
UNUSED_FS,taf,2004-09-30,unused-fs,0.0,0.0,0.0,,9,2004,BN,C,BN,C,BN,C,BN,D
UNUSED_FS,taf,2004-10-31,unused-fs,0.0,0.0,36.207,,10,2005,BN,C,BN,C,BN,C,AN,W
UNUSED_FS,taf,2004-11-30,unused-fs,0.0,0.0,0.0,,11,2005,BN,C,BN,C,BN,C,AN,W
UNUSED_FS,taf,2004-12-31,unused-fs,0.0,0.0,0.0,,12,2005,BN,C,BN,C,BN,C,AN,W
UNUSED_FS,taf,2005-01-31,unused-fs,0.0,0.0,0.0,,1,2005,BN,C,BN,C,BN,C,AN,W
UNUSED_FS,taf,2005-02-28,unused-fs,0.0,0.0,0.0,,2,2005,BN,AN,BN,AN,BN,AN,AN,W
UNUSED_FS,taf,2005-03-31,unused-fs,0.0,0.0,0.0,,3,2005,BN,AN,BN,AN,BN,AN,AN,W
UNUSED_FS,taf,2005-04-30,unused-fs,77.206,75.805,75.993,,4,2005,BN,W,BN,W,BN,W,AN,W
UNUSED_FS,taf,2005-05-31,unused-fs,66.291,65.944,69.834,,5,2005,BN,AN,BN,AN,BN,AN,AN,W
UNUSED_FS,taf,2005-06-30,unused-fs,0.0,0.0,0.0,,6,2005,BN,AN,BN,AN,BN,AN,AN,W
UNUSED_FS,taf,2005-07-31,unused-fs,119.773,122.124,128.642,,7,2005,BN,AN,BN,AN,BN,AN,AN,W
UNUSED_FS,taf,2005-08-31,unused-fs,253.596,234.422,234.951,,8,2005,BN,AN,BN,AN,BN,AN,AN,W
UNUSED_FS,taf,2005-09-30,unused-fs,233.01,216.923,250.556,,9,2005,BN,AN,BN,AN,BN,AN,AN,W
UNUSED_FS,taf,2005-10-31,unused-fs,65.22,63.308,69.594,,10,2006,BN,AN,BN,AN,BN,AN,W,W
UNUSED_FS,taf,2005-11-30,unused-fs,80.097,74.456,57.565,,11,2006,BN,AN,BN,AN,BN,AN,W,W
UNUSED_FS,taf,2005-12-31,unused-fs,0.0,0.0,0.0,,12,2006,BN,AN,BN,AN,BN,AN,W,W
UNUSED_FS,taf,2006-01-31,unused-fs,0.0,0.0,0.0,,1,2006,BN,AN,BN,AN,BN,AN,W,W
UNUSED_FS,taf,2006-02-28,unused-fs,0.0,0.0,0.0,,2,2006,W,AN,W,AN,W,AN,W,W
UNUSED_FS,taf,2006-03-31,unused-fs,0.0,0.0,0.0,,3,2006,W,AN,W,AN,W,AN,W,W
UNUSED_FS,taf,2006-04-30,unused-fs,0.0,0.0,0.0,,4,2006,W,W,W,W,W,W,W,W
UNUSED_FS,taf,2006-05-31,unused-fs,5.237,5.549,9.383,,5,2006,W,W,W,W,W,W,W,W
UNUSED_FS,taf,2006-06-30,unused-fs,0.0,2.689,0.0,,6,2006,W,W,W,W,W,W,W,W
UNUSED_FS,taf,2006-07-31,unused-fs,0.0,0.0,0.0,,7,2006,W,W,W,W,W,W,W,W
UNUSED_FS,taf,2006-08-31,unused-fs,357.533,317.956,317.93,,8,2006,W,W,W,W,W,W,W,W
UNUSED_FS,taf,2006-09-30,unused-fs,235.434,246.707,256.988,,9,2006,W,W,W,W,W,W,W,W
UNUSED_FS,taf,2006-10-31,unused-fs,196.578,182.851,186.151,,10,2007,W,W,W,W,W,W,D,C
UNUSED_FS,taf,2006-11-30,unused-fs,131.483,128.243,114.594,,11,2007,W,W,W,W,W,W,D,C
UNUSED_FS,taf,2006-12-31,unused-fs,0.0,0.0,0.0,,12,2007,W,W,W,W,W,W,D,C
UNUSED_FS,taf,2007-01-31,unused-fs,0.0,0.0,0.0,,1,2007,W,W,W,W,W,W,D,C
UNUSED_FS,taf,2007-02-28,unused-fs,0.0,0.0,0.0,,2,2007,BN,C,BN,C,BN,C,D,C
UNUSED_FS,taf,2007-03-31,unused-fs,0.0,0.0,0.0,,3,2007,BN,D,BN,D,BN,D,D,C
UNUSED_FS,taf,2007-04-30,unused-fs,0.0,0.0,0.0,,4,2007,D,C,D,C,D,C,D,C
UNUSED_FS,taf,2007-05-31,unused-fs,0.0,0.0,0.0,,5,2007,D,C,D,C,D,C,D,C
UNUSED_FS,taf,2007-06-30,unused-fs,0.0,0.0,0.0,,6,2007,D,C,D,C,D,C,D,C
UNUSED_FS,taf,2007-07-31,unused-fs,0.0,0.0,0.0,,7,2007,D,C,D,C,D,C,D,C
UNUSED_FS,taf,2007-08-31,unused-fs,0.0,0.0,0.0,,8,2007,D,C,D,C,D,C,D,C
UNUSED_FS,taf,2007-09-30,unused-fs,0.0,0.0,0.0,,9,2007,D,C,D,C,D,C,D,C
UNUSED_FS,taf,2007-10-31,unused-fs,0.0,0.0,0.0,,10,2008,D,C,D,C,D,C,C,C
UNUSED_FS,taf,2007-11-30,unused-fs,0.0,0.0,0.0,,11,2008,D,C,D,C,D,C,C,C
UNUSED_FS,taf,2007-12-31,unused-fs,0.0,0.0,0.0,,12,2008,D,C,D,C,D,C,C,C
UNUSED_FS,taf,2008-01-31,unused-fs,0.0,0.0,0.0,,1,2008,D,C,D,C,D,C,C,C
UNUSED_FS,taf,2008-02-28,unused-fs,0.0,0.0,0.0,,2,2008,D,D,D,D,D,D,,
UNUSED_FS,taf,2008-03-31,unused-fs,0.0,0.0,0.0,,3,2008,D,D,D,D,D,D,C,C
UNUSED_FS,taf,2008-04-30,unused-fs,0.0,0.0,0.0,,4,2008,D,D,D,D,D,D,C,C
UNUSED_FS,taf,2008-05-31,unused-fs,0.0,0.0,0.0,,5,2008,C,C,C,C,C,C,C,C
UNUSED_FS,taf,2008-06-30,unused-fs,24.648,22.64,23.055,,6,2008,C,C,C,C,C,C,C,C
UNUSED_FS,taf,2008-07-31,unused-fs,0.0,0.0,0.0,,7,2008,C,C,C,C,C,C,C,C
UNUSED_FS,taf,2008-08-31,unused-fs,0.0,0.0,0.0,,8,2008,C,C,C,C,C,C,C,C
UNUSED_FS,taf,2008-09-30,unused-fs,0.0,0.0,0.0,,9,2008,C,C,C,C,C,C,C,C
UNUSED_FS,taf,2008-10-31,unused-fs,0.0,0.0,0.0,,10,2009,C,C,C,C,C,C,D,BN
UNUSED_FS,taf,2008-11-30,unused-fs,0.0,0.0,0.0,,11,2009,C,C,C,C,C,C,D,BN
UNUSED_FS,taf,2008-12-31,unused-fs,0.0,0.0,0.0,,12,2009,C,C,C,C,C,C,D,BN
UNUSED_FS,taf,2009-01-31,unused-fs,0.0,0.0,0.0,,1,2009,C,C,C,C,C,C,D,BN
UNUSED_FS,taf,2009-02-28,unused-fs,0.0,0.0,0.0,,2,2009,C,C,C,C,C,C,D,BN
UNUSED_FS,taf,2009-03-31,unused-fs,0.0,0.0,0.0,,3,2009,C,D,C,D,C,D,D,BN
UNUSED_FS,taf,2009-04-30,unused-fs,0.0,0.0,0.0,,4,2009,D,D,D,D,D,D,D,BN
UNUSED_FS,taf,2009-05-31,unused-fs,0.0,0.0,0.0,,5,2009,C,D,C,D,C,D,D,BN
UNUSED_FS,taf,2009-06-30,unused-fs,12.892,22.805,30.3,,6,2009,C,D,C,D,C,D,D,BN
UNUSED_FS,taf,2009-07-31,unused-fs,83.41,80.496,72.609,,7,2009,C,D,C,D,C,D,D,BN
UNUSED_FS,taf,2009-08-31,unused-fs,106.623,100.597,116.981,,8,2009,C,D,C,D,C,D,D,BN
UNUSED_FS,taf,2009-09-30,unused-fs,27.514,23.919,26.727,,9,2009,C,D,C,D,C,D,D,BN
UNUSED_FS,taf,2009-10-31,unused-fs,12.87,0.0,19.229,,10,2010,C,D,C,D,C,D,BN,AN
UNUSED_FS,taf,2009-11-30,unused-fs,33.415,31.039,40.06,,11,2010,C,D,C,D,C,D,BN,AN
UNUSED_FS,taf,2009-12-31,unused-fs,0.0,0.0,0.0,,12,2010,C,D,C,D,C,D,BN,AN
UNUSED_FS,taf,2010-01-31,unused-fs,0.0,0.0,0.0,,1,2010,C,D,C,D,C,D,BN,AN
UNUSED_FS,taf,2010-02-28,unused-fs,0.0,0.0,0.0,,2,2010,D,BN,D,BN,D,BN,BN,AN
UNUSED_FS,taf,2010-03-31,unused-fs,0.0,0.0,0.0,,3,2010,D,BN,D,BN,D,BN,BN,AN
UNUSED_FS,taf,2010-04-30,unused-fs,83.367,72.954,77.64,,4,2010,D,BN,D,BN,D,BN,BN,AN
UNUSED_FS,taf,2010-05-31,unused-fs,0.0,0.0,0.0,,5,2010,BN,AN,BN,AN,BN,AN,BN,AN
UNUSED_FS,taf,2010-06-30,unused-fs,0.0,0.0,7.344,,6,2010,BN,AN,BN,AN,BN,AN,BN,AN
UNUSED_FS,taf,2010-07-31,unused-fs,6.03,0.0,0.0,,7,2010,BN,AN,BN,AN,BN,AN,BN,AN
UNUSED_FS,taf,2010-08-31,unused-fs,192.578,130.389,85.944,,8,2010,BN,AN,BN,AN,BN,AN,BN,AN
UNUSED_FS,taf,2010-09-30,unused-fs,187.84,162.576,151.107,,9,2010,BN,AN,BN,AN,BN,AN,BN,AN
UNUSED_FS,taf,2010-10-31,unused-fs,116.693,138.121,119.769,,10,2011,BN,AN,BN,AN,BN,AN,W,W
UNUSED_FS,taf,2010-11-30,unused-fs,113.243,117.153,144.533,,11,2011,BN,AN,BN,AN,BN,AN,W,W
UNUSED_FS,taf,2010-12-31,unused-fs,19.998,19.998,0.0,,12,2011,BN,AN,BN,AN,BN,AN,W,W
UNUSED_FS,taf,2011-01-31,unused-fs,0.0,0.0,0.0,,1,2011,BN,AN,BN,AN,BN,AN,W,W
UNUSED_FS,taf,2011-02-28,unused-fs,0.0,0.0,0.0,,2,2011,AN,AN,AN,AN,AN,AN,W,W
UNUSED_FS,taf,2011-03-31,unused-fs,0.0,0.0,0.0,,3,2011,AN,AN,AN,AN,AN,AN,W,W
UNUSED_FS,taf,2011-04-30,unused-fs,53.199,50.619,59.134,,4,2011,W,W,W,W,W,W,W,W
UNUSED_FS,taf,2011-05-31,unused-fs,59.296,62.4,66.211,,5,2011,W,W,W,W,W,W,W,W
UNUSED_FS,taf,2011-06-30,unused-fs,0.0,0.0,0.0,,6,2011,W,W,W,W,W,W,W,W
UNUSED_FS,taf,2011-07-31,unused-fs,287.114,265.33,250.7,,7,2011,W,W,W,W,W,W,W,W
UNUSED_FS,taf,2011-08-31,unused-fs,394.366,396.954,394.999,,8,2011,W,W,W,W,W,W,W,W
UNUSED_FS,taf,2011-09-30,unused-fs,64.315,113.738,175.204,,9,2011,W,W,W,W,W,W,W,W
UNUSED_FS,taf,2011-10-31,unused-fs,0.0,0.0,0.0,,10,2012,W,W,W,W,W,W,BN,D
UNUSED_FS,taf,2011-11-30,unused-fs,132.512,125.065,106.558,,11,2012,W,W,W,W,W,W,BN,D
UNUSED_FS,taf,2011-12-31,unused-fs,0.0,0.0,0.0,,12,2012,W,W,W,W,W,W,BN,D
UNUSED_FS,taf,2012-01-31,unused-fs,0.0,0.0,0.0,,1,2012,W,W,W,W,W,W,BN,D
UNUSED_FS,taf,2012-02-28,unused-fs,0.0,0.442,0.0,,2,2012,D,C,D,C,D,C,,
UNUSED_FS,taf,2012-03-31,unused-fs,0.0,0.0,0.0,,3,2012,D,C,D,C,D,C,BN,D
UNUSED_FS,taf,2012-04-30,unused-fs,0.0,0.0,0.0,,4,2012,D,C,D,C,D,C,BN,D
UNUSED_FS,taf,2012-05-31,unused-fs,0.0,0.0,0.0,,5,2012,BN,C,BN,C,BN,C,BN,D
UNUSED_FS,taf,2012-06-30,unused-fs,0.0,0.0,0.0,,6,2012,BN,C,BN,C,BN,C,BN,D
UNUSED_FS,taf,2012-07-31,unused-fs,0.0,0.0,0.0,,7,2012,BN,C,BN,C,BN,C,BN,D
UNUSED_FS,taf,2012-08-31,unused-fs,0.0,0.0,0.0,,8,2012,BN,C,BN,C,BN,C,BN,D
UNUSED_FS,taf,2012-09-30,unused-fs,0.0,0.0,0.0,,9,2012,BN,C,BN,C,BN,C,BN,D
UNUSED_FS,taf,2012-10-31,unused-fs,0.0,0.0,0.0,,10,2013,BN,C,BN,C,BN,C,D,C
UNUSED_FS,taf,2012-11-30,unused-fs,0.0,0.0,0.0,,11,2013,BN,C,BN,C,BN,C,D,C
UNUSED_FS,taf,2012-12-31,unused-fs,0.0,0.0,0.0,,12,2013,BN,C,BN,C,BN,C,D,C
UNUSED_FS,taf,2013-01-31,unused-fs,0.0,0.0,0.0,,1,2013,BN,C,BN,C,BN,C,D,C
UNUSED_FS,taf,2013-02-28,unused-fs,0.0,0.0,0.0,,2,2013,BN,C,BN,C,BN,C,D,C
UNUSED_FS,taf,2013-03-31,unused-fs,0.0,0.0,0.0,,3,2013,BN,C,BN,C,BN,C,D,C
UNUSED_FS,taf,2013-04-30,unused-fs,0.0,0.0,0.0,,4,2013,D,C,D,C,D,C,D,C
UNUSED_FS,taf,2013-05-31,unused-fs,0.0,0.0,0.0,,5,2013,D,C,D,C,D,C,D,C
UNUSED_FS,taf,2013-06-30,unused-fs,0.0,0.0,0.0,,6,2013,D,C,D,C,D,C,D,C
UNUSED_FS,taf,2013-07-31,unused-fs,0.0,0.0,0.0,,7,2013,D,C,D,C,D,C,D,C
UNUSED_FS,taf,2013-08-31,unused-fs,0.0,0.0,0.0,,8,2013,D,C,D,C,D,C,D,C
UNUSED_FS,taf,2013-09-30,unused-fs,0.0,0.0,0.0,,9,2013,D,C,D,C,D,C,D,C
UNUSED_FS,taf,2013-10-31,unused-fs,0.0,0.0,0.0,,10,2014,D,C,D,C,D,C,C,C
UNUSED_FS,taf,2013-11-30,unused-fs,0.0,0.0,0.0,,11,2014,D,C,D,C,D,C,C,C
UNUSED_FS,taf,2013-12-31,unused-fs,0.0,0.0,0.0,,12,2014,D,C,D,C,D,C,C,C
UNUSED_FS,taf,2014-01-31,unused-fs,0.0,0.0,0.0,,1,2014,D,C,D,C,D,C,C,C
UNUSED_FS,taf,2014-02-28,unused-fs,0.0,0.0,0.0,,2,2014,C,C,C,C,C,C,C,C
UNUSED_FS,taf,2014-03-31,unused-fs,0.0,0.0,0.0,,3,2014,C,C,C,C,C,C,C,C
UNUSED_FS,taf,2014-04-30,unused-fs,0.0,0.0,0.0,,4,2014,C,C,C,C,C,C,C,C
UNUSED_FS,taf,2014-05-31,unused-fs,0.0,0.0,0.0,,5,2014,C,C,C,C,C,C,C,C
UNUSED_FS,taf,2014-06-30,unused-fs,0.0,1.728,6.642,,6,2014,C,C,C,C,C,C,C,C
UNUSED_FS,taf,2014-07-31,unused-fs,0.0,0.0,0.0,,7,2014,C,C,C,C,C,C,C,C
UNUSED_FS,taf,2014-08-31,unused-fs,13.072,17.724,0.647,,8,2014,C,C,C,C,C,C,C,C
UNUSED_FS,taf,2014-09-30,unused-fs,0.0,0.0,0.769,,9,2014,C,C,C,C,C,C,C,C
UNUSED_FS,taf,2014-10-31,unused-fs,0.0,0.0,0.0,,10,2015,C,C,C,C,C,C,C,C
UNUSED_FS,taf,2014-11-30,unused-fs,0.0,0.0,0.0,,11,2015,C,C,C,C,C,C,C,C
UNUSED_FS,taf,2014-12-31,unused-fs,0.0,0.0,0.0,,12,2015,C,C,C,C,C,C,C,C
UNUSED_FS,taf,2015-01-31,unused-fs,0.0,0.0,0.0,,1,2015,C,C,C,C,C,C,C,C
UNUSED_FS,taf,2015-02-28,unused-fs,0.0,0.0,0.0,,2,2015,C,C,C,C,C,C,C,C
UNUSED_FS,taf,2015-03-31,unused-fs,0.0,0.0,0.0,,3,2015,C,C,C,C,C,C,C,C
UNUSED_FS,taf,2015-04-30,unused-fs,0.0,0.0,0.0,,4,2015,C,C,C,C,C,C,C,C
UNUSED_FS,taf,2015-05-31,unused-fs,0.0,0.0,0.0,,5,2015,C,C,C,C,C,C,C,C
UNUSED_FS,taf,2015-06-30,unused-fs,0.0,0.0,1.158,,6,2015,C,C,C,C,C,C,C,C
UNUSED_FS,taf,2015-07-31,unused-fs,0.0,0.0,0.0,,7,2015,C,C,C,C,C,C,C,C
UNUSED_FS,taf,2015-08-31,unused-fs,0.0,0.0,0.0,,8,2015,C,C,C,C,C,C,C,C
UNUSED_FS,taf,2015-09-30,unused-fs,0.0,0.0,0.0,,9,2015,C,C,C,C,C,C,C,C
UNUSED_FS,taf,2015-10-31,unused-fs,0.0,0.0,0.0,,10,2016,C,C,C,C,C,C,BN,D
UNUSED_FS,taf,2015-11-30,unused-fs,0.0,0.0,0.0,,11,2016,C,C,C,C,C,C,BN,D
UNUSED_FS,taf,2015-12-31,unused-fs,0.0,0.0,0.0,,12,2016,C,C,C,C,C,C,BN,D
UNUSED_FS,taf,2016-01-31,unused-fs,0.0,0.0,0.0,,1,2016,C,C,C,C,C,C,BN,D
UNUSED_FS,taf,2016-02-28,unused-fs,0.0,0.0,0.0,,2,2016,BN,C,BN,C,BN,C,,
UNUSED_FS,taf,2016-03-31,unused-fs,0.0,0.0,0.0,,3,2016,D,C,D,C,D,C,BN,D
UNUSED_FS,taf,2016-04-30,unused-fs,0.0,0.0,0.0,,4,2016,BN,D,BN,D,BN,D,BN,D
UNUSED_FS,taf,2016-05-31,unused-fs,0.0,0.0,0.0,,5,2016,BN,D,BN,D,BN,D,BN,D
UNUSED_FS,taf,2016-06-30,unused-fs,0.0,0.0,0.0,,6,2016,BN,D,BN,D,BN,D,BN,D
UNUSED_FS,taf,2016-07-31,unused-fs,0.0,0.0,0.0,,7,2016,BN,D,BN,D,BN,D,BN,D
UNUSED_FS,taf,2016-08-31,unused-fs,0.0,0.0,0.0,,8,2016,BN,D,BN,D,BN,D,BN,D
UNUSED_FS,taf,2016-09-30,unused-fs,0.0,0.0,0.0,,9,2016,BN,D,BN,D,BN,D,BN,D
UNUSED_FS,taf,2016-10-31,unused-fs,0.0,0.0,0.0,,10,2017,BN,D,BN,D,BN,D,W,W
UNUSED_FS,taf,2016-11-30,unused-fs,0.0,0.0,0.0,,11,2017,BN,D,BN,D,BN,D,W,W
UNUSED_FS,taf,2016-12-31,unused-fs,0.0,0.0,0.0,,12,2017,BN,D,BN,D,BN,D,W,W
UNUSED_FS,taf,2017-01-31,unused-fs,0.0,0.0,0.0,,1,2017,BN,D,BN,D,BN,D,W,W
UNUSED_FS,taf,2017-02-28,unused-fs,0.0,0.0,0.0,,2,2017,W,W,W,W,W,W,W,W
UNUSED_FS,taf,2017-03-31,unused-fs,0.0,0.0,0.0,,3,2017,W,W,W,W,W,W,W,W
UNUSED_FS,taf,2017-04-30,unused-fs,96.034,96.428,97.004,,4,2017,W,W,W,W,W,W,W,W
UNUSED_FS,taf,2017-05-31,unused-fs,64.502,64.502,64.502,,5,2017,W,W,W,W,W,W,W,W
UNUSED_FS,taf,2017-06-30,unused-fs,29.898,40.368,23.06,,6,2017,W,W,W,W,W,W,W,W
UNUSED_FS,taf,2017-07-31,unused-fs,0.0,0.0,0.0,,7,2017,W,W,W,W,W,W,W,W
UNUSED_FS,taf,2017-08-31,unused-fs,202.677,126.45,136.236,,8,2017,W,W,W,W,W,W,W,W
UNUSED_FS,taf,2017-09-30,unused-fs,190.547,198.194,209.386,,9,2017,W,W,W,W,W,W,W,W
UNUSED_FS,taf,2017-10-31,unused-fs,97.608,86.351,84.147,,10,2018,W,W,W,W,W,W,BN,BN
UNUSED_FS,taf,2017-11-30,unused-fs,118.977,172.013,173.807,,11,2018,W,W,W,W,W,W,BN,BN
UNUSED_FS,taf,2017-12-31,unused-fs,53.158,17.462,3.422,,12,2018,W,W,W,W,W,W,BN,BN
UNUSED_FS,taf,2018-01-31,unused-fs,0.0,0.0,0.0,,1,2018,W,W,W,W,W,W,BN,BN
UNUSED_FS,taf,2018-02-28,unused-fs,31.016,24.263,30.992,,2,2018,BN,C,BN,C,BN,C,BN,BN
UNUSED_FS,taf,2018-03-31,unused-fs,0.0,0.0,0.0,,3,2018,D,C,D,C,D,C,BN,BN
UNUSED_FS,taf,2018-04-30,unused-fs,53.067,39.848,2.884,,4,2018,BN,D,BN,D,BN,D,BN,BN
UNUSED_FS,taf,2018-05-31,unused-fs,0.0,0.0,0.0,,5,2018,BN,BN,BN,BN,BN,BN,BN,BN
UNUSED_FS,taf,2018-06-30,unused-fs,0.0,0.0,0.0,,6,2018,BN,BN,BN,BN,BN,BN,BN,BN
UNUSED_FS,taf,2018-07-31,unused-fs,0.0,0.0,0.0,,7,2018,BN,BN,BN,BN,BN,BN,BN,BN
UNUSED_FS,taf,2018-08-31,unused-fs,0.0,0.0,0.0,,8,2018,BN,BN,BN,BN,BN,BN,BN,BN
UNUSED_FS,taf,2018-09-30,unused-fs,0.0,0.0,0.0,,9,2018,BN,BN,BN,BN,BN,BN,BN,BN
UNUSED_FS,taf,2018-10-31,unused-fs,0.0,0.0,0.0,,10,2019,BN,BN,BN,BN,BN,BN,W,W
UNUSED_FS,taf,2018-11-30,unused-fs,0.0,0.0,0.0,,11,2019,BN,BN,BN,BN,BN,BN,W,W
UNUSED_FS,taf,2018-12-31,unused-fs,0.0,0.0,0.0,,12,2019,BN,BN,BN,BN,BN,BN,W,W
UNUSED_FS,taf,2019-01-31,unused-fs,0.0,0.0,0.0,,1,2019,BN,BN,BN,BN,BN,BN,W,W
UNUSED_FS,taf,2019-02-28,unused-fs,0.0,0.0,0.0,,2,2019,BN,D,BN,D,BN,D,W,W
UNUSED_FS,taf,2019-03-31,unused-fs,0.0,0.0,0.0,,3,2019,AN,AN,AN,AN,AN,AN,W,W
UNUSED_FS,taf,2019-04-30,unused-fs,22.894,19.534,63.84,,4,2019,W,AN,W,AN,W,AN,W,W
UNUSED_FS,taf,2019-05-31,unused-fs,35.014,34.187,20.93,,5,2019,W,W,W,W,W,W,W,W
UNUSED_FS,taf,2019-06-30,unused-fs,0.0,0.0,0.0,,6,2019,W,W,W,W,W,W,W,W
UNUSED_FS,taf,2019-07-31,unused-fs,0.0,0.0,0.0,,7,2019,W,W,W,W,W,W,W,W
UNUSED_FS,taf,2019-08-31,unused-fs,350.665,317.545,281.164,,8,2019,W,W,W,W,W,W,W,W
UNUSED_FS,taf,2019-09-30,unused-fs,196.624,203.795,221.303,,9,2019,W,W,W,W,W,W,W,W
UNUSED_FS,taf,2019-10-31,unused-fs,32.282,31.106,37.558,,10,2020,W,W,W,W,W,W,D,D
UNUSED_FS,taf,2019-11-30,unused-fs,65.384,42.023,18.647,,11,2020,W,W,W,W,W,W,D,D
UNUSED_FS,taf,2019-12-31,unused-fs,0.0,0.0,0.0,,12,2020,W,W,W,W,W,W,D,D
UNUSED_FS,taf,2020-01-31,unused-fs,0.0,0.0,0.0,,1,2020,W,W,W,W,W,W,D,D
UNUSED_FS,taf,2020-02-28,unused-fs,0.0,0.0,0.0,,2,2020,BN,C,BN,C,BN,C,,
UNUSED_FS,taf,2020-03-31,unused-fs,0.364,0.0,0.0,,3,2020,D,C,D,C,D,C,D,D
UNUSED_FS,taf,2020-04-30,unused-fs,0.0,0.0,0.0,,4,2020,D,C,D,C,D,C,D,D
UNUSED_FS,taf,2020-05-31,unused-fs,0.0,0.0,0.0,,5,2020,D,C,D,C,D,C,D,D
UNUSED_FS,taf,2020-06-30,unused-fs,0.0,0.0,0.0,,6,2020,D,C,D,C,D,C,D,D
UNUSED_FS,taf,2020-07-31,unused-fs,0.0,0.0,0.0,,7,2020,D,C,D,C,D,C,D,D
UNUSED_FS,taf,2020-08-31,unused-fs,0.0,0.0,0.0,,8,2020,D,C,D,C,D,C,D,D
UNUSED_FS,taf,2020-09-30,unused-fs,0.0,0.0,0.0,,9,2020,D,C,D,C,D,C,D,D
UNUSED_FS,taf,2020-10-31,unused-fs,0.0,0.0,0.0,,10,2021,D,C,D,C,D,C,C,C
UNUSED_FS,taf,2020-11-30,unused-fs,0.0,0.0,0.0,,11,2021,D,C,D,C,D,C,C,C
UNUSED_FS,taf,2020-12-31,unused-fs,0.0,0.0,0.0,,12,2021,D,C,D,C,D,C,C,C
UNUSED_FS,taf,2021-01-31,unused-fs,0.0,0.0,0.0,,1,2021,D,C,D,C,D,C,C,C
UNUSED_FS,taf,2021-02-28,unused-fs,0.0,0.0,0.0,,2,2021,C,C,C,C,C,C,C,C
UNUSED_FS,taf,2021-03-31,unused-fs,0.0,0.0,0.0,,3,2021,C,C,C,C,C,C,C,C
UNUSED_FS,taf,2021-04-30,unused-fs,0.0,0.0,0.0,,4,2021,C,C,C,C,C,C,C,C
UNUSED_FS,taf,2021-05-31,unused-fs,50.539,58.165,57.555,,5,2021,C,C,C,C,C,C,C,C
UNUSED_FS,taf,2021-06-30,unused-fs,0.0,0.0,0.0,,6,2021,C,C,C,C,C,C,C,C
UNUSED_FS,taf,2021-07-31,unused-fs,45.712,62.068,65.984,,7,2021,C,C,C,C,C,C,C,C
UNUSED_FS,taf,2021-08-31,unused-fs,58.108,64.669,77.916,,8,2021,C,C,C,C,C,C,C,C
UNUSED_FS,taf,2021-09-30,unused-fs,12.344,13.303,46.372,,9,2021,C,C,C,C,C,C,C,C
